Raman shift / cm-1,0 min,5 min,10 min,15 min,20 min,25 min,30 min,35 min,40 min,45 min
1000,49.695671,49.359394,46.649349,37.595837,35.590309,37.187500,33.171145,25.656274,24.420148,19.654207
1002,50.880868,51.070624,46.195761,41.396233,39.340792,31.530672,29.559915,28.572085,23.270671,21.465019
1004,50.889761,47.636792,43.203696,38.052424,39.856156,33.421188,30.403954,26.584469,26.006172,21.862524
1006,48.650097,50.664493,45.621619,39.104027,36.082338,32.772528,31.342728,28.939671,21.742329,21.444170
1008,52.064261,48.976947,43.666594,42.466366,34.801841,33.950626,29.551389,29.108526,25.526281,21.294824
1010,52.550137,45.291320,41.478150,37.209252,40.420422,33.737452,30.676528,31.084266,25.652204,19.486027
1012,46.423279,44.654507,43.100866,42.783354,40.842209,34.697770,32.585062,25.936107,22.703744,19.955308
1014,51.924802,45.463608,44.895157,40.876450,38.327006,35.040065,33.246735,29.874630,19.032791,21.191925
1016,53.565362,48.655382,45.502934,38.740080,39.412673,33.396677,30.844315,26.491938,21.677801,17.172770
1018,48.519556,52.233834,42.685927,43.501387,38.042822,31.117322,32.066305,28.928339,22.666235,20.999702
1020,53.900805,51.672083,46.425200,39.574952,37.803727,34.965079,34.323222,28.187867,26.073516,22.195323
1022,54.791214,47.758538,47.196441,42.366565,39.984776,34.688780,27.110000,28.776080,24.816644,20.723401
1024,50.467946,50.756046,45.837979,43.143401,37.177716,38.741444,30.872324,30.221520,25.034685,21.563142
1026,54.041040,45.313631,44.904720,41.533699,35.214434,30.724076,32.214761,27.595643,22.802865,22.429264
1028,53.267720,49.074975,40.192768,40.957423,40.003904,37.273605,31.478220,26.785406,25.013463,20.895034
1030,53.004307,50.153869,45.128663,44.146783,38.530981,36.594272,29.402387,26.920795,24.514656,17.734096
1032,51.613589,47.596953,47.741117,43.464904,41.181875,33.520454,30.990051,23.530321,22.564032,21.310839
1034,52.740220,43.879452,41.847511,45.822575,37.157546,32.581014,31.053603,25.951299,24.495876,20.879809
1036,55.060036,53.774107,42.909632,41.353036,39.041453,35.975694,33.768187,26.446529,24.745190,22.224851
1038,46.131517,50.101380,44.709427,38.893708,37.617615,34.796451,34.185115,30.708839,25.552980,22.152316
1040,53.068418,45.432797,47.229678,41.690012,37.150888,33.459352,32.535732,30.041728,24.734569,20.002370
1042,49.752095,48.714145,44.038572,43.626816,37.695415,37.599534,30.505188,24.559661,23.051265,20.440743
1044,51.755375,49.416829,43.664988,38.605473,36.550775,30.328644,27.810276,28.181888,27.158038,20.803959
1046,54.613767,50.734830,45.245422,43.818685,40.322013,31.440532,27.915534,25.815855,25.712268,21.566607
1048,58.280428,48.477674,42.417615,45.241604,40.303246,31.157562,35.631562,23.406465,24.324436,17.777189
1050,51.276401,53.021437,45.976899,37.761297,38.072400,35.639016,28.936098,28.084041,25.585418,19.150140
1052,50.135156,47.172854,42.427130,46.909114,38.072146,34.250189,32.503625,30.032035,24.532115,18.028434
1054,53.156512,50.595050,47.427847,46.472492,42.148936,36.742553,35.977525,28.631475,27.492152,22.999736
1056,52.730587,47.317731,41.650607,41.858783,41.922079,35.189825,33.579498,28.973121,25.333715,22.254847
1058,51.812644,47.691057,43.872741,42.083213,37.862949,33.633972,30.690359,26.590895,24.234775,17.745416
1060,51.879341,50.154361,52.353990,39.427593,36.356649,33.751786,29.774064,29.255718,22.357228,21.417479
1062,52.620523,55.149209,46.396935,41.003447,36.453104,34.336330,30.789227,29.406783,24.537020,23.055945
1064,49.299456,50.530090,45.635264,45.931096,39.555598,36.867241,30.338282,29.372659,22.288314,22.080394
1066,54.241385,48.087458,43.701909,41.497776,42.932263,36.102536,29.062800,27.680339,26.623312,21.226981
1068,51.468514,50.191211,44.362567,43.853588,34.802344,38.358183,29.270039,25.536655,23.278090,19.474472
1070,46.880974,49.571197,52.170567,43.542356,41.349899,34.495463,30.683570,27.416548,25.116042,20.877743
1072,51.572093,51.399412,46.027618,39.351723,38.290223,35.565411,33.180797,23.869232,23.506856,19.658955
1074,53.192338,50.270776,46.665309,45.626944,34.552485,36.362364,31.289061,29.843354,24.303261,21.786662
1076,54.526896,49.775156,46.266471,44.601056,37.663977,31.264756,31.039113,26.104596,24.572187,22.722042
1078,54.516894,51.560943,44.992044,40.784845,40.860722,31.393427,30.536200,27.987770,23.568120,22.344675
1080,56.358961,50.833545,48.938405,43.539985,38.373876,37.129154,32.872387,30.527594,22.354333,19.837200
1082,53.574540,51.200486,43.517736,43.093460,37.707392,31.535421,32.003207,27.158490,27.597851,22.056747
1084,55.990800,48.907331,45.702468,44.459876,39.877944,34.977726,30.133684,25.902010,25.793661,19.451069
1086,57.715313,51.303327,42.684452,38.060491,42.771955,33.375750,31.715164,26.202527,25.426523,19.140279
1088,51.348034,51.372555,47.850877,43.672497,37.205270,32.068798,29.640441,30.733645,22.675701,24.518982
1090,56.483111,46.479049,49.612826,44.036530,38.748401,36.425436,34.537646,27.150309,24.332021,21.960134
1092,52.727671,52.613959,45.380038,44.341652,40.346030,35.204979,32.524259,27.622422,26.725095,21.012676
1094,54.735674,50.402151,45.770760,39.066682,42.898510,31.098838,31.570216,25.904045,22.733361,21.786691
1096,55.721897,47.695119,45.202372,46.263676,36.658796,34.045010,34.425197,27.169037,25.616734,22.318138
1098,52.847490,48.593059,50.588446,43.995404,38.087194,33.914030,30.456360,25.517091,27.467684,22.213835
1100,58.674665,52.257944,47.034288,44.191717,40.184073,35.895517,30.972973,27.541032,23.592107,23.517637
1102,52.545874,51.101665,43.877462,42.023751,38.801133,34.402796,33.702674,29.362276,26.942194,21.864863
1104,53.136787,51.321405,50.140036,42.351287,37.263256,37.480313,31.488198,28.564726,24.516766,23.509699
1106,58.065632,51.921208,43.328467,43.558810,38.531677,36.905904,28.696525,27.678717,21.888620,19.657115
1108,53.492059,52.913686,50.467132,39.046915,40.669617,32.301777,31.562544,27.408115,27.001372,22.715387
1110,53.990143,48.846764,45.543159,46.860652,33.888655,39.349725,31.746368,29.295458,26.122177,20.947662
1112,58.030533,49.251433,51.578642,38.734357,35.511431,35.198115,31.811992,28.340493,22.828185,21.608077
1114,57.125565,53.608755,47.231868,47.917930,38.134103,36.547384,32.241522,27.706875,26.776094,22.473223
1116,61.310996,49.871408,44.109180,40.472797,39.975428,31.934823,29.851264,26.747838,24.221085,21.242519
1118,61.837194,47.204123,45.840596,45.260843,38.950490,35.871814,30.295452,25.011014,25.655551,21.816855
1120,57.119342,48.028119,46.532871,44.663750,40.172138,33.893116,35.225311,26.986944,27.655863,20.199316
1122,55.392942,53.029960,47.237650,43.232456,40.878003,32.222120,29.644348,27.311356,25.401366,21.623983
1124,49.043731,54.079946,49.065771,45.352957,44.052067,36.732925,31.923484,30.891652,23.011513,20.129113
1126,60.561691,57.611741,46.070919,42.432884,40.759248,34.471500,33.472569,25.022087,25.144276,21.899914
1128,57.467172,53.968219,48.865179,43.377795,36.947683,34.939117,33.458580,27.868497,26.499425,18.881583
1130,56.009385,53.286886,42.196150,43.050512,39.770532,32.135598,34.028938,30.104241,25.205536,20.495549
1132,58.455031,53.281320,51.685535,45.653491,36.274497,36.302055,32.715333,26.971062,21.255802,20.161551
1134,57.200598,53.384900,44.647830,43.401266,42.463557,32.071140,31.626134,31.595686,23.204836,21.599286
1136,51.231951,51.033083,47.503443,46.317637,39.902978,37.837563,32.833519,24.837598,20.828974,18.271002
1138,57.034398,54.028567,48.456258,41.823075,39.661026,37.144074,31.684593,27.620839,23.643697,23.701991
1140,62.543410,49.626116,49.004411,43.685642,41.544331,35.254085,35.749393,30.548000,26.050068,25.097034
1142,56.943532,56.357067,49.725998,39.496797,37.896419,33.004347,32.934203,29.167487,27.155129,21.925016
1144,53.528360,54.979400,46.511001,42.618520,40.120071,38.431131,32.960219,28.677553,23.917998,23.328518
1146,57.741401,55.841946,51.106958,46.296145,38.400678,38.112336,35.825828,28.484681,24.924446,21.960596
1148,56.045686,57.762562,49.941964,45.942329,38.905859,35.285480,31.314985,28.576161,30.097032,20.837024
1150,52.543817,54.043892,51.591856,45.323209,35.785895,36.872270,28.688968,31.573801,24.450520,22.819643
1152,52.572111,53.843644,45.459148,41.580135,40.983950,38.358249,34.626871,30.124432,25.471885,22.313979
1154,56.281434,51.892083,50.487851,44.991270,39.620676,37.088707,33.282783,27.603138,25.689361,19.334747
1156,57.024975,51.667993,49.362010,49.263238,39.315471,41.400638,30.346171,27.619921,25.406336,20.067855
1158,58.277443,56.859603,49.977135,44.498166,40.932783,39.139707,35.132252,24.881221,24.391758,20.843587
1160,55.576206,54.106724,47.943946,43.959236,35.756239,37.439786,38.301226,28.373805,22.926493,19.108471
1162,58.977791,56.326006,41.965761,45.734195,39.695039,38.620689,34.066957,29.404657,24.509597,24.604087
1164,57.873204,57.207787,51.301358,42.374215,39.702927,34.549212,34.190540,31.216988,24.441045,17.923321
1166,55.960619,51.499932,46.065300,39.326184,41.529334,35.032456,33.858199,27.083780,26.656987,18.286321
1168,56.659902,57.023067,50.222370,44.726770,39.477835,36.515688,34.754850,30.111301,26.968261,22.345972
1170,60.657454,55.113389,50.412817,44.508140,41.346307,36.858562,34.423602,30.757717,27.188804,22.710285
1172,60.798421,58.558755,52.672006,44.883041,42.831873,37.172269,34.399663,29.481199,23.558603,21.664010
1174,48.617260,52.605235,50.544489,46.321318,44.726437,33.046682,31.275863,29.483053,24.834016,18.471873
1176,60.983958,55.777950,51.616737,48.160875,44.035594,38.415008,37.158633,28.171745,26.102639,19.125616
1178,60.196801,54.282661,55.265283,46.483946,42.901865,34.870700,30.868155,28.853409,25.865566,20.231715
1180,63.018441,54.280984,48.268269,46.534792,41.345160,33.743706,32.138193,30.086453,24.452483,20.405675
1182,53.427666,55.635226,48.032140,45.952199,42.710127,37.099560,33.239168,28.982800,25.825661,22.786338
1184,56.380030,53.915647,50.210493,45.831307,38.548052,37.839305,32.648807,28.773271,27.570271,20.190996
1186,51.880981,56.308577,54.733007,45.291907,40.175354,36.092942,31.244373,29.918325,22.663527,21.740079
1188,57.434937,54.708993,45.262592,46.323254,40.008051,42.537185,31.395100,26.844289,23.978094,22.627019
1190,59.501254,58.284217,48.407450,46.161583,43.243864,37.212756,31.303633,29.122946,25.167070,25.058866
1192,61.982619,58.629039,46.095972,46.352613,38.541328,40.620204,29.916206,30.088954,28.831834,22.552091
1194,58.266264,54.308451,52.122202,46.950351,42.323452,38.307984,34.334917,28.682723,26.831917,19.756052
1196,61.626020,55.277474,55.224958,45.935437,42.887517,34.010385,32.042393,29.140045,26.910159,26.553679
1198,61.494670,60.391919,53.195329,44.616978,40.980675,36.896395,28.250453,30.155135,23.609939,20.792857
1200,58.493717,53.470188,50.027655,43.450256,41.274876,35.303852,33.243115,30.230873,27.533247,22.193660
1202,59.343499,55.152339,51.714135,47.903737,40.736686,35.312247,34.111846,28.344693,26.789381,21.780032
1204,65.010739,57.927881,45.562079,48.029219,43.211825,32.086773,32.584765,27.294972,25.570166,21.501716
1206,61.209989,59.472600,55.088211,48.052002,47.136113,40.762125,33.186345,30.485133,22.520356,18.805001
1208,64.968605,57.122058,54.246383,47.184194,39.677489,39.850433,32.310437,30.150081,28.119609,23.031022
1210,60.552432,63.528168,53.110346,49.783653,41.530210,37.148254,31.615946,28.221353,26.815933,21.971176
1212,68.488814,52.016334,53.067784,46.112416,38.264046,44.383275,34.931457,31.448205,24.551403,21.474369
1214,68.062676,62.048394,51.253133,45.673706,42.541341,44.077882,36.544255,28.192904,25.772362,22.545699
1216,60.423074,62.249432,49.699810,47.420527,45.919217,37.576650,34.208781,31.739253,26.031501,24.759366
1218,61.167520,56.362752,50.587284,47.838950,46.504847,35.724235,30.294106,28.823833,27.750208,22.016843
1220,67.708039,58.289533,53.239241,47.442204,46.584125,43.668201,36.093535,33.708873,28.865725,22.541155
1222,66.637764,58.114358,56.802776,51.306144,48.340682,37.994333,32.140138,29.310428,27.169567,21.931927
1224,68.279531,62.652111,56.067971,48.556451,43.853459,41.573668,37.671910,29.449720,27.311341,21.981553
1226,68.467425,61.153459,57.410092,51.527616,40.082226,43.134311,35.888326,30.859950,28.347295,20.163284
1228,66.002219,66.653269,51.582616,49.546507,49.617091,44.910190,35.307794,32.945073,24.113204,25.609450
1230,64.363944,53.886688,56.666231,50.390785,45.038862,42.029622,36.527956,33.352647,23.336720,22.001548
1232,70.719205,61.135350,52.952430,43.216773,45.680764,39.040423,34.649795,29.537364,27.656979,23.830345
1234,60.842942,59.987551,59.583196,45.968055,43.747255,37.333944,37.290963,31.000123,22.498619,18.378812
1236,64.407583,57.766489,54.150794,47.111137,44.924630,39.056961,34.400475,31.541091,29.438291,23.149951
1238,69.491631,59.826840,60.326618,50.698076,44.293647,39.332453,33.445014,31.923636,28.685538,21.026738
1240,71.665724,64.132159,56.755601,49.163343,46.755556,37.739843,36.447165,34.539115,24.898666,25.255333
1242,71.227600,68.355103,56.465403,50.727965,47.478457,43.676778,32.814533,31.382046,24.718531,24.582462
1244,69.487038,63.777153,55.204340,54.440620,46.392501,42.812976,37.069265,33.710336,26.668552,20.925783
1246,70.324086,68.805388,60.247150,53.616674,43.712384,40.088518,34.048939,30.214771,26.850426,20.307163
1248,74.601226,64.835120,61.082989,50.046301,47.772335,40.948393,36.549396,30.716057,27.698102,23.273840
1250,72.108497,67.865132,63.929508,48.952414,48.903328,40.694167,33.932009,27.974073,27.740240,26.102659
1252,79.777961,65.213298,62.159717,54.508057,46.031094,41.899209,36.512579,32.871701,26.340896,24.329348
1254,74.266261,72.632430,54.910803,52.429338,48.977001,38.344218,36.484119,26.945510,28.692166,21.768001
1256,86.583220,71.085244,70.943893,53.256151,45.831272,40.544855,35.604064,31.270491,28.075835,23.889131
1258,81.094441,71.742595,61.262332,54.806452,46.743970,42.072860,34.227376,33.410759,26.337601,23.039654
1260,84.788249,72.398467,63.194003,56.786877,49.557386,42.540085,40.714766,38.103778,26.584388,22.336534
1262,85.138256,74.600479,65.088730,58.556884,48.396778,48.748263,37.061039,30.158854,26.418554,22.547238
1264,92.872851,78.940199,66.092289,54.251309,48.639692,45.532357,35.627339,32.163634,27.869083,23.547208
1266,96.230922,78.213180,66.892669,59.881741,48.231226,43.977380,42.717402,36.731686,26.176781,22.231240
1268,94.877192,87.701249,69.238554,65.584967,56.648116,48.279191,40.467561,35.696663,30.766694,25.724739
1270,97.318072,86.358834,78.337134,60.789887,54.234115,42.395281,39.233937,32.568018,29.601654,26.744527
1272,107.677009,91.181345,77.630826,66.095668,54.976047,45.398957,41.225746,33.663310,25.669732,21.553094
1274,107.881231,95.739626,77.492901,68.939429,61.927825,51.781275,40.190558,33.782099,28.162026,26.132305
1276,118.606376,100.212826,79.696458,68.743709,57.904934,47.388179,39.247129,34.794224,28.419959,22.655871
1278,120.160242,102.537378,87.542152,70.863587,61.375602,47.340646,41.706783,36.521377,29.573099,27.359732
1280,131.867829,113.223801,87.908551,74.185239,58.341601,52.559011,38.785302,34.446608,30.789845,27.791306
1282,144.099975,112.039429,95.294742,85.514215,63.857903,61.059736,40.193168,32.512365,30.007419,25.315518
1284,146.224609,120.082743,103.442492,75.652693,64.515812,56.703541,48.303802,35.382904,33.648816,24.542106
1286,155.528819,130.751866,104.640147,81.972482,73.201364,61.743417,50.181242,40.536834,33.671108,27.902021
1288,163.092555,133.159245,112.770763,87.362149,68.911861,57.955615,42.432628,39.093250,31.108524,28.580953
1290,172.040217,149.710936,120.866069,88.244814,76.026158,60.264174,50.645052,41.613557,29.112229,24.999629
1292,182.857694,146.361357,125.498878,100.915714,86.270252,66.390157,55.654318,42.932464,32.878944,25.143264
1294,193.509138,165.005467,134.791888,106.695553,90.654669,67.911002,56.045551,41.154961,31.600311,25.671436
1296,199.304642,160.679419,133.071213,116.349943,95.069072,75.936463,60.218273,46.190776,32.276603,29.537525
1298,210.153824,172.025479,155.002945,129.166948,92.434322,83.169931,64.540507,43.249886,37.831180,25.613566
1300,221.899121,193.082480,163.960824,123.037679,111.634987,81.968964,66.919646,53.902480,39.879834,29.882200
1302,239.514808,211.367357,166.997204,139.108390,114.447308,89.233745,73.337004,53.964701,36.791852,30.726243
1304,259.695627,210.872505,194.060571,152.072069,125.093855,89.677987,73.982366,56.399853,41.462499,32.798589
1306,261.304801,219.458604,201.741910,159.753332,130.111212,106.044699,81.635922,65.435730,45.034782,36.073432
1308,282.100099,242.246530,207.523581,177.298769,137.875536,110.804841,82.737971,62.523802,43.304928,35.417870
1310,290.926854,258.889216,219.601183,182.522959,159.662865,119.488171,91.240703,70.937940,51.734290,34.069144
1312,308.978377,267.275266,236.942808,201.166450,159.130791,135.345113,105.535721,83.140554,55.252849,39.944698
1314,321.920501,294.126240,240.726966,213.673061,174.055250,140.113422,111.695155,83.888215,60.603798,43.358417
1316,344.095748,291.837800,268.608033,221.216252,189.401414,155.457673,123.972102,98.221555,65.575941,53.284940
1318,354.270077,310.796808,277.682125,245.796782,200.069847,169.573369,136.085430,103.835784,74.486754,51.895976
1320,371.199426,335.198692,279.727061,255.870453,215.070394,187.008769,145.537373,112.460173,81.681214,58.050471
1322,386.730574,350.066665,303.135899,270.121420,225.438132,191.962737,157.658983,127.083351,92.872542,70.871405
1324,392.166400,354.962593,322.240749,268.947297,243.895017,206.116847,165.698913,130.468080,111.696991,75.426028
1326,416.875820,387.485456,334.576435,288.964535,269.291014,220.592300,183.560361,145.834170,110.560699,80.579749
1328,425.797207,377.110635,349.246453,311.033436,267.629744,226.371007,185.475940,151.568371,128.686558,96.342208
1330,445.760748,399.294136,370.858954,314.375419,278.115145,248.667825,208.613310,172.308570,131.756268,103.289897
1332,448.087176,421.160794,373.713518,345.198363,295.285853,261.989684,217.316284,181.517745,152.998446,111.808048
1334,466.686334,437.735677,385.291689,361.489208,314.299845,261.984809,234.806000,195.066317,164.816717,117.806230
1336,474.466040,443.725747,390.745017,361.402676,323.312205,273.932927,257.635803,202.927817,169.974629,134.255449
1338,487.620817,444.481620,400.442973,382.999417,342.787882,311.799111,252.165201,216.107432,180.164911,152.063034
1340,497.027337,449.923595,419.549872,389.216127,344.561190,305.021783,265.952692,237.253360,188.151075,149.837953
1342,508.784842,468.378372,423.662557,394.231821,343.358930,326.000178,265.798484,232.853635,195.831813,157.564117
1344,504.458250,461.267147,442.353625,390.932867,357.217086,330.385166,291.654911,244.314873,209.406732,170.890795
1346,507.900092,475.358938,429.246648,401.448198,364.946246,319.173263,288.101840,251.485900,215.046697,182.022880
1348,507.370757,471.737638,438.405916,408.720720,365.133631,330.931159,283.102573,253.338580,217.582751,178.422991
1350,518.909592,464.480594,451.982810,408.074125,368.864209,333.172261,284.245608,256.738260,214.368583,180.231957
1352,502.375118,492.687719,424.467116,404.793538,376.629665,332.208907,287.002781,259.084915,225.827355,189.127710
1354,513.073936,472.139981,440.417564,409.170741,353.924152,332.235203,284.064423,259.800313,213.729073,172.647959
1356,500.976823,471.715387,433.647182,398.286322,349.175559,326.165079,283.211205,237.297541,206.068559,165.533727
1358,521.163365,473.466955,424.927704,386.413955,359.705183,317.524070,271.038396,237.531679,202.135655,164.746757
1360,510.352742,443.606248,414.979274,376.546290,348.643485,312.845814,267.760628,221.208749,185.802074,155.015401
1362,488.472174,450.237587,408.133661,368.707960,323.730904,300.946034,268.211276,226.059218,187.915202,145.257984
1364,483.229291,456.421595,402.544980,368.764097,320.898381,280.017931,248.397854,209.036628,178.124718,128.251636
1366,458.275323,437.355067,396.158856,350.166173,299.350749,274.861020,238.315141,195.265581,158.297406,130.399790
1368,455.958157,409.985882,370.345007,339.136569,298.029140,267.016578,222.152262,191.398630,158.706494,115.510103
1370,445.478316,392.418867,359.146612,321.102179,299.970037,240.684514,205.850256,177.950190,136.894997,103.795697
1372,420.131268,388.052388,343.680138,323.196945,268.730228,235.089319,193.973619,156.954629,131.451246,90.029217
1374,412.015950,372.170732,331.435319,316.012729,263.242406,217.183041,181.996219,149.262267,111.416514,82.488672
1376,391.250604,353.653132,320.116458,283.445165,239.985231,212.963903,176.309283,133.977709,105.479012,76.474944
1378,383.767529,355.009749,299.941799,263.323581,227.038478,203.265003,155.977107,127.936740,105.190932,72.620341
1380,377.345723,337.175966,286.835821,260.653661,210.031473,175.153721,141.828472,117.582978,84.218879,62.047496
1382,351.768208,319.186617,282.745774,244.473955,201.861176,164.270560,137.911034,113.154015,78.699099,57.880428
1384,349.350471,306.380890,266.055485,222.242800,190.536192,161.956242,123.134641,99.892789,70.289287,53.227665
1386,322.267729,269.458257,257.765394,211.358656,181.693284,147.154366,109.795366,87.527939,62.001737,47.641378
1388,310.440653,266.801036,232.761131,199.596884,166.085156,132.619590,104.734936,79.612218,56.930273,41.222665
1390,298.950702,254.214121,218.622421,179.428129,152.111464,123.052715,94.665614,75.196363,52.252089,40.201202
1392,270.635553,240.274225,219.201266,164.275103,141.197063,115.803087,83.847917,71.766106,49.683946,38.267205
1394,270.239241,229.872853,194.070296,165.244794,135.139333,104.475207,82.590011,62.862962,46.895643,31.049696
1396,253.269424,212.792582,181.233843,150.855470,118.337825,92.793914,76.866314,59.032090,44.803166,30.710500
1398,243.348023,198.572610,169.433801,136.003198,111.496872,93.771192,69.514234,55.880312,43.374121,31.116141
1400,228.738904,187.556834,165.380175,135.252576,110.060386,81.351670,63.198349,54.126703,39.206349,32.048946
1402,212.432091,180.986331,152.481705,130.445155,102.520489,87.597741,61.372760,51.821844,37.544312,33.962722
1404,201.544032,170.295242,149.491684,117.628522,95.825832,77.659661,56.525956,46.226148,37.784335,26.458309
1406,193.668325,158.036509,140.849666,111.041823,90.214347,72.707733,58.247836,40.806549,36.420077,26.546715
1408,171.951671,149.527447,129.529495,100.119702,89.389695,71.624437,56.493310,42.134504,33.193581,28.094201
1410,168.923691,144.408251,121.771419,95.498748,77.591529,66.469275,52.369938,37.466128,33.306674,23.850250
1412,170.108380,137.052381,116.327408,95.664020,74.310479,62.069487,50.058615,39.717011,30.764884,25.763185
1414,156.999021,132.355777,116.383373,83.446875,72.705270,61.570591,45.373070,39.876153,32.720614,28.233393
1416,149.071083,125.439334,109.012671,83.692697,75.873406,60.446489,48.858119,43.576204,34.089459,27.640784
1418,144.484952,112.208319,94.497245,76.977608,68.607056,52.779165,49.625950,37.823681,31.670250,22.700786
1420,138.918597,119.459743,90.439735,78.298709,69.165302,59.049140,46.612615,40.417177,33.935269,27.705302
1422,129.303229,109.379685,88.589668,77.835099,59.104850,52.115557,46.520516,39.451948,31.138849,26.103056
1424,126.265084,99.480222,89.146243,74.175440,65.531445,52.469209,43.039622,34.185377,30.571957,24.368057
1426,116.169269,102.321675,84.759176,73.144087,56.764949,50.772771,43.964330,34.811541,33.263154,23.995455
1428,115.316870,102.699596,89.143641,69.841571,58.958835,50.468646,42.664539,38.053956,28.683593,26.062264
1430,111.542295,92.647129,76.307228,64.010847,62.331127,50.632873,40.362812,36.601919,31.095974,25.121929
1432,106.992828,89.012322,77.013086,68.896418,51.940421,51.264566,40.793556,35.528522,31.615064,27.377743
1434,97.535505,84.935339,79.299603,65.438133,56.496213,49.956589,39.382221,40.462944,27.541500,26.425139
1436,96.608621,84.439491,72.462429,63.725534,55.768834,47.037409,36.864124,36.988641,33.356253,23.446590
1438,95.119643,84.573560,69.645032,63.722221,57.523712,45.723700,42.248333,35.628844,33.272939,27.463297
1440,90.922591,83.860903,72.600027,64.425988,50.773157,51.067862,46.424056,35.070768,29.530789,26.163133
1442,84.485263,80.954303,74.514027,62.790467,53.713436,45.109960,43.137394,32.464430,31.795580,26.076470
1444,94.433257,77.626676,68.993548,61.920740,50.448463,44.846158,37.928943,33.677236,27.693459,27.407147
1446,85.271771,77.494258,66.252453,57.258994,50.160875,45.650749,43.763932,36.184855,31.055986,27.620213
1448,88.760801,80.850096,65.724616,54.093026,51.504850,47.900811,40.122797,35.613078,34.351039,26.703850
1450,79.308171,63.845496,62.004687,58.927193,53.424711,47.834134,39.491543,35.612640,29.085833,27.520278
1452,86.880763,74.312452,70.522396,53.853805,52.636258,49.120831,42.937835,32.360796,33.132095,24.444458
1454,79.382155,74.828099,65.038339,61.020734,52.564039,48.091934,39.454717,35.869807,32.248036,26.611196
1456,79.497817,76.541777,64.818597,59.329751,54.317779,49.481791,39.905518,36.202794,29.192771,24.065099
1458,75.536443,71.636851,64.189500,57.954569,54.267802,50.188646,45.871899,37.036944,31.145926,23.664514
1460,77.202226,69.831001,64.236285,56.348645,48.857074,49.031077,38.688687,34.114889,29.633628,25.400536
1462,75.933086,69.712134,64.523461,57.858297,49.262282,42.504716,41.971075,31.992398,31.201240,23.838739
1464,78.767836,70.531438,58.058223,54.083361,50.450632,46.059518,40.308319,33.884027,34.208478,26.588204
1466,74.021824,69.350181,62.477197,58.178567,48.625599,43.260358,39.497658,35.959705,30.202146,26.602684
1468,68.894005,68.183328,63.024538,57.488637,55.523226,46.008741,40.519159,37.709369,34.605289,26.923148
1470,73.362453,74.396238,61.811945,58.146154,50.068714,44.940158,38.896480,37.630813,30.223561,24.549352
1472,75.017889,70.775732,60.695993,58.385676,53.681530,47.928139,42.278602,31.659339,31.089258,26.716742
1474,70.850454,70.902607,64.819687,60.049909,46.629917,44.298795,42.149500,32.004782,31.831431,25.602937
1476,71.731960,66.275272,64.122172,57.591665,47.756108,45.468849,39.905926,35.044027,26.422697,27.794006
1478,73.068996,70.678218,60.261808,58.831872,49.622639,43.934194,41.501160,35.646643,31.405042,26.901668
1480,74.912165,71.367170,61.811602,57.346562,48.882104,46.891672,41.914432,31.370146,29.878153,26.816614
1482,77.396440,69.784168,62.461436,59.159245,48.994236,41.019746,44.069012,37.546796,27.669446,29.812729
1484,76.830303,69.958708,61.065666,59.221739,48.897136,46.427175,41.878905,35.995123,30.969179,27.013534
1486,73.421975,74.704169,64.523514,56.800915,50.540677,47.044048,43.905771,40.562817,31.949595,26.824885
1488,74.919599,69.218919,62.320067,56.370219,53.905029,47.441217,39.598734,37.917217,33.859279,26.466758
1490,73.657829,75.432142,68.837150,57.073227,53.198532,49.485376,39.041077,31.954274,31.760067,23.160248
1492,73.729519,68.951108,62.902244,55.041537,53.264875,46.487395,39.635196,38.606872,30.939095,26.102213
1494,78.528668,71.173562,68.802884,57.669802,53.182736,47.958360,40.822523,35.171865,31.557240,28.159586
1496,74.928957,69.597464,65.079086,63.083520,52.210000,50.194604,39.466004,37.922666,33.944965,26.252615
1498,78.746551,71.883327,64.927908,58.908082,48.460052,45.202931,45.307451,38.298576,32.779215,27.717007
1500,77.761669,74.697526,64.790985,59.784399,49.091174,50.031266,39.365951,40.234169,33.224833,30.516766
1502,74.765591,71.053655,69.737155,52.713550,55.423064,48.143497,40.440695,39.579255,31.920545,27.429050
1504,73.715564,72.695414,63.275582,59.424552,54.799213,52.420393,44.271835,41.675148,33.823802,29.893444
1506,80.588976,72.834992,69.205514,64.718413,56.627427,51.693554,42.139161,34.397801,35.910750,29.198948
1508,83.409813,75.026887,67.509721,63.646451,55.466182,53.636815,41.100517,37.008444,30.817842,24.972655
1510,79.772442,73.127376,70.010114,62.467937,56.143360,52.326399,44.085759,36.687555,34.424160,27.947828
1512,73.481113,74.633859,72.625983,64.220012,52.111371,52.630352,48.047334,41.683289,32.086327,27.845279
1514,78.157606,71.720869,71.543053,65.855353,59.764660,49.239074,47.639247,40.972329,34.683105,31.389779
1516,87.977373,75.388825,70.866700,64.154450,59.070801,50.243646,51.275018,41.554653,35.104025,31.721918
1518,85.927963,84.293161,71.853735,66.667351,55.790209,53.011349,46.860154,42.133644,32.313802,34.353235
1520,88.463529,82.999258,73.038556,68.793268,61.604986,55.694823,47.310845,40.120138,39.549229,35.822782
1522,91.825836,82.457337,78.544564,73.220477,58.412116,55.548649,49.599580,41.951468,36.130120,28.648859
1524,94.820280,79.283772,76.313561,67.590490,59.040113,56.494649,52.156721,42.443199,43.764403,28.194713
1526,93.556951,85.514587,78.668583,71.375165,63.544754,57.590314,49.842736,45.106712,36.638836,33.475467
1528,101.302658,93.364151,85.747818,73.890182,62.088070,60.120971,51.553357,43.662498,36.307709,34.031753
1530,109.322564,96.414746,86.339948,80.681314,67.623599,61.279192,55.773117,47.597031,37.995529,34.264675
1532,108.468506,99.488492,91.015708,78.769741,67.271241,60.887922,54.579781,51.652699,40.567586,36.115466
1534,125.349943,105.740091,93.482466,88.663699,72.409557,61.442843,57.899763,51.271212,40.786014,35.327113
1536,128.811667,115.568648,95.890568,82.162578,76.022914,66.650063,59.076298,51.143605,41.054819,35.697853
1538,138.899899,123.976003,108.992712,92.347516,77.845421,71.312987,59.379128,52.313219,45.595503,38.224747
1540,156.697312,135.744406,123.350931,102.746866,89.527952,77.035076,69.898136,56.834217,48.292552,38.589895
1542,167.276754,141.495498,121.983791,107.614994,92.848833,81.159805,65.587511,60.551792,49.693417,40.211301
1544,188.455732,160.376846,144.423959,127.640066,103.753957,90.723498,76.494003,64.113962,54.577106,44.082810
1546,219.462373,186.681687,166.126189,144.419127,124.519254,93.048715,83.954347,69.800023,49.649661,44.146109
1548,238.499457,208.290449,186.542460,165.828576,127.351501,122.324900,93.198147,74.450195,66.598998,54.757734
1550,257.244926,247.563455,218.359196,185.644375,160.247597,124.752286,100.325975,92.336703,71.955351,58.492651
1552,296.228949,271.957302,231.927630,208.013696,181.042925,153.226394,131.845553,107.887465,80.286320,65.153951
1554,349.093932,294.715244,287.133063,237.846004,217.340141,181.375217,155.604192,122.474052,98.160521,74.710870
1556,377.704217,350.815482,320.112060,282.814709,253.542357,219.605445,184.796841,154.558657,116.624136,88.184896
1558,422.990642,373.757861,356.022131,332.370461,294.362123,256.408877,219.765240,180.187069,141.920451,109.109532
1560,478.515592,448.862400,411.579201,380.406042,342.976614,303.484310,265.328322,224.990066,189.496195,145.354217
1562,510.926360,491.790389,466.064814,425.611698,403.862844,364.362712,323.341581,275.427519,228.861009,186.890492
1564,566.539725,548.351148,532.905899,490.692866,453.826474,430.789189,388.599500,342.806214,288.583046,239.825542
1566,626.615189,588.015110,574.652403,544.944454,537.682857,495.051014,459.980138,418.844162,366.305880,312.513317
1568,686.913453,654.156599,649.106299,611.441849,579.045418,560.496967,513.755635,486.594985,447.280231,397.204178
1570,702.797519,700.422747,687.750922,673.424122,672.337139,626.309532,597.516451,566.995868,526.234666,475.317338
1572,750.552574,771.452230,741.845731,725.474685,736.208313,694.372764,705.765494,653.735021,598.467777,579.599313
1574,788.967991,802.141532,803.621746,770.800730,811.475130,782.525189,770.325172,735.362332,707.923292,674.830317
1576,849.456290,840.094780,840.749016,853.582700,864.314778,820.634998,821.195556,831.054787,801.632742,783.714619
1578,855.447825,859.642554,880.451193,867.385461,861.407278,880.222718,865.289146,862.142313,870.317317,869.668207
1580,875.773960,895.706106,879.425507,896.885306,933.603316,911.728681,909.655461,925.715638,928.360787,924.317264
1582,872.161295,898.800517,897.461139,895.396451,912.919763,934.831838,918.741854,927.262559,933.962011,926.831257
1584,875.115049,892.791373,887.874032,888.920373,895.003000,915.325721,921.967503,905.639800,932.191531,930.279633
1586,872.285591,870.326529,889.142950,873.093213,898.062131,867.322492,873.411766,874.856057,871.094679,872.383731
1588,835.568989,816.174815,839.810735,867.339125,820.555691,811.853799,841.974282,814.076105,783.030504,795.665415
1590,797.998641,793.358775,806.258484,780.997644,780.248577,769.490084,758.311154,741.690743,711.047999,695.847375
1592,759.130621,741.666893,733.358502,731.638716,725.008796,711.835756,700.014620,659.338818,631.928566,587.081973
1594,732.351996,700.198946,693.949949,671.151489,652.118949,615.994954,616.039031,579.383683,520.695579,497.141830
1596,686.974621,657.838042,645.537009,622.405854,605.203818,561.058676,515.881289,477.018172,438.729216,386.420396
1598,625.681769,618.783156,577.995203,548.360406,526.352944,492.350827,451.592974,400.278629,366.218502,320.136938
1600,565.856973,542.264715,516.840929,500.008075,455.965900,420.993797,389.729209,337.928381,290.902807,244.650123
1602,516.551366,490.958078,461.082032,437.156883,393.712379,362.740010,315.380206,279.829307,226.303528,174.290320
1604,478.366814,436.056396,413.476302,381.059246,345.288234,311.420411,272.185313,222.425926,180.640613,145.539260
1606,416.872769,410.242074,363.543196,331.726075,308.500551,253.350381,224.030476,181.905274,144.392629,111.317932
1608,378.385349,358.674667,315.902703,284.786263,240.558087,209.411706,182.515478,145.266162,119.828993,92.358394
1610,344.323525,319.412612,275.944086,243.149324,211.523971,182.455932,158.557064,121.328029,102.672366,74.408615
1612,310.056785,272.813467,247.810718,210.599465,182.131127,152.468065,135.490008,101.915086,83.424577,59.872048
1614,257.867178,242.087382,216.336710,181.289980,157.313343,135.109989,103.693788,86.487241,73.476523,57.034500
1616,244.544260,207.821717,191.447761,160.793579,141.779318,116.686043,88.936025,78.205533,63.992132,49.913796
1618,214.381896,194.841140,168.035854,141.136406,120.255153,97.946685,86.359188,69.872582,54.123541,46.386387
1620,187.432221,172.476968,144.884730,122.148642,107.221487,82.257977,82.641236,59.553525,51.732599,42.778397
1622,167.701703,149.060508,128.817017,120.833246,94.178019,79.021550,69.190742,58.499557,47.693079,45.598442
1624,154.890304,138.499767,113.712679,106.236244,87.893247,75.025917,68.589463,57.686450,49.962178,37.962272
1626,144.866973,120.837268,109.082724,92.532823,79.936585,70.655676,59.115189,52.708392,43.374479,40.916126
1628,131.528415,109.153939,99.213025,87.635404,79.962697,68.058153,57.365433,46.607955,42.477021,36.069243
1630,123.868072,114.030498,89.335115,80.289803,73.471126,69.505976,53.917467,48.289012,43.893288,37.515330
1632,114.879042,99.656406,90.468838,81.081633,68.158933,62.331772,56.061772,48.753558,40.418367,34.564145
1634,100.275223,91.426511,85.972948,73.677937,69.133204,58.252040,54.256040,49.774922,44.943665,39.268280
1636,97.946369,87.750725,78.257605,66.668878,68.379763,58.965224,52.246796,47.013466,37.121607,32.798102
1638,92.020797,83.261221,82.498427,69.599670,59.591856,60.407385,48.098656,46.628882,36.987218,29.470259
1640,86.774214,83.546316,77.369518,70.821847,62.693845,59.076581,50.670251,42.537238,40.347507,33.521632
1642,87.999911,84.203751,66.423845,67.756851,61.479748,52.864554,49.299139,41.112839,40.490288,31.546491
1644,85.888052,78.717045,67.189715,62.362635,55.361429,50.493884,47.732566,38.090869,38.345294,34.267663
1646,84.191157,81.236418,70.822721,66.655002,56.643993,53.669361,46.855215,44.268518,38.187662,31.808023
1648,76.665061,76.081785,70.643824,66.675959,54.683079,51.011745,43.527439,44.470180,31.961442,26.903335
1650,85.566620,71.100200,69.392393,63.997705,55.582891,47.875779,47.017534,41.715157,32.784586,32.217427
1652,76.478929,72.322504,63.584754,62.214009,56.444791,47.083980,46.375563,39.912719,36.451792,28.108014
1654,78.775496,73.500419,68.033162,62.352557,51.308181,45.772948,45.896010,38.332973,37.952145,23.649805
1656,76.382859,66.915686,64.557383,56.652158,57.984256,49.108187,42.310104,40.827152,35.358695,28.885850
1658,72.440247,74.097118,63.485965,64.047216,51.275760,47.685042,42.952082,42.061965,33.608284,25.675725
1660,73.810616,65.154200,64.834298,56.656650,54.776019,50.333080,44.790074,39.912479,33.786909,28.923505
1662,76.251393,69.578166,66.150306,57.291576,49.938754,49.606343,44.510995,38.735866,30.129625,28.736481
1664,74.804643,70.422423,66.314281,61.604361,53.817133,49.622476,43.281399,34.601967,34.101955,27.707948
1666,69.827279,67.495414,68.517499,65.835580,52.862509,47.848049,44.591697,39.313411,32.233283,27.388911
1668,76.251016,68.092032,62.630017,58.162864,55.884569,45.290526,40.110516,38.450137,35.938039,24.835948
1670,73.456570,67.211258,61.648460,54.628511,53.397109,49.645643,46.399013,36.353612,31.320279,25.299142
1672,69.130303,66.874553,64.010142,57.787705,53.896788,42.799952,40.868489,36.483118,28.797569,26.498743
1674,77.655960,61.396643,60.428275,59.381056,52.368174,49.495344,42.008910,34.563396,29.882383,29.403628
1676,72.508145,68.003845,57.255940,55.082245,52.182101,47.442580,40.538447,36.856689,30.751711,26.967390
1678,70.990731,69.185616,60.456102,56.811090,50.079350,43.369139,41.975593,35.731224,32.408380,28.909803
1680,68.417617,64.624517,58.756840,57.675546,55.280238,50.503049,38.859725,32.335180,32.611433,23.650600
1682,72.754062,64.818867,56.773195,57.421362,51.864073,42.814079,36.685504,36.899498,31.021300,27.424952
1684,73.707882,64.590826,62.398848,52.841933,51.641161,45.062741,42.062518,32.736893,26.846781,30.717638
1686,69.705014,63.136113,55.500611,54.895198,50.394426,40.423526,38.071167,34.820353,31.025662,25.460703
1688,65.102165,64.213195,57.432249,51.850226,47.908202,46.047333,39.237689,37.200747,29.674042,25.700535
1690,68.197278,66.327098,59.364353,55.250984,51.968197,46.973756,41.212152,34.363668,32.960180,27.194529
1692,72.877598,64.392125,59.059803,53.076986,50.196001,44.522502,37.949360,36.439110,30.567493,28.365785
1694,63.418901,63.382029,60.462650,54.213770,50.659568,48.761790,37.595965,37.181460,29.374255,26.231713
1696,74.519435,65.173947,61.714831,55.107731,50.313029,46.130938,40.904032,36.283523,25.505865,25.671426
1698,70.045640,61.813816,54.408527,53.859259,50.820308,40.240014,36.714803,36.751138,29.719325,27.617585
1700,66.943509,60.814577,61.138101,51.421545,51.041244,47.349091,37.813089,33.777793,30.579534,23.793285
1702,72.704197,60.186733,58.225297,54.406768,49.408412,44.378547,36.867856,31.307967,28.318686,25.178772
1704,64.251276,58.774653,53.595836,51.970030,46.099491,42.849964,39.884826,34.039646,30.890912,28.616744
1706,67.976650,61.874941,57.186376,54.651369,53.089295,42.250212,35.927316,36.963965,30.964122,28.094690
1708,70.873692,62.172054,57.179033,49.727227,46.749413,42.073236,34.906346,32.949921,29.189964,25.821024
1710,65.477141,64.940359,58.129368,44.345897,48.834048,40.695062,40.816560,31.837057,29.476568,25.740384
1712,67.375492,62.042647,53.038886,47.021683,41.856524,42.450467,37.972677,31.374334,27.355064,24.539937
1714,66.270591,60.440955,55.712852,49.938853,45.231128,39.955886,39.478191,32.693498,28.212080,23.107947
1716,68.428321,60.935738,56.920196,55.963213,45.683755,42.003490,37.310823,31.287346,28.273420,24.703305
1718,70.521038,61.588347,54.957747,50.822888,46.719085,43.339655,38.636080,30.444307,34.213376,23.349510
1720,69.127135,56.235046,57.949623,53.550481,48.451067,41.120261,35.661681,28.031637,30.071653,24.204492
1722,66.094986,55.931157,55.113025,49.986307,44.192779,41.002270,33.511166,32.496065,31.173267,27.382813
1724,69.269157,62.237269,57.198025,51.677034,45.200054,42.844810,36.910289,38.443309,24.848506,24.562681
1726,69.291509,62.154975,53.919946,47.683332,45.517408,42.652934,34.398445,29.970931,28.077263,23.669985
1728,65.174523,61.980412,53.343224,50.220684,47.694269,40.147530,39.220195,36.952656,29.495664,23.021653
1730,67.190281,58.826662,54.630932,48.993998,47.635278,40.132150,41.997933,28.215148,29.222726,23.974607
1732,59.523554,61.094917,58.585340,49.244004,42.795278,40.479431,36.926201,32.372123,27.289457,23.073754
1734,66.578410,57.832752,54.029323,50.652492,46.982501,43.496804,38.082452,36.421815,28.763062,25.435469
1736,63.450234,60.344193,58.830317,55.176819,46.776205,39.579089,37.750538,32.812419,28.876856,26.602995
1738,61.766437,61.658565,54.721206,52.381124,43.321925,38.928469,33.997078,30.460638,27.382198,27.462727
1740,62.901941,55.890402,50.711489,49.335515,44.892848,38.861876,35.853909,34.983874,31.119860,22.622649
1742,66.141130,59.579239,51.453492,50.071239,48.463799,41.443060,38.241567,29.317611,30.387946,23.204366
1744,63.467262,59.710747,54.834252,49.390419,44.816855,44.135935,37.839091,33.669108,28.066829,24.704627
1746,68.848791,55.005520,57.691798,52.016868,49.724782,43.336699,38.984910,33.990842,28.703668,22.854555
1748,63.841389,56.112446,55.538799,54.400451,49.532822,40.327375,34.414235,37.516570,27.387113,27.871755
1750,66.580036,58.134248,53.678015,46.487270,49.794696,41.711356,38.130224,33.419367,26.960756,23.836945
1752,66.903036,61.128566,52.301974,45.624426,46.220921,39.050367,38.923237,30.970070,27.165120,22.608709
1754,62.220060,55.198748,58.593412,52.591489,45.965618,43.195580,37.629918,34.389844,29.734852,28.112516
1756,60.986171,56.450318,49.198790,53.183633,43.858707,40.503925,39.223895,34.856468,32.594204,26.961526
1758,70.485880,61.192232,58.520857,50.058075,43.287693,46.997936,39.689320,32.696716,27.984378,23.520555
1760,63.003895,57.119463,54.197775,50.370479,43.502068,44.122957,36.217471,33.622868,28.248264,24.360146
1762,65.223453,58.394381,54.297306,54.885036,47.912009,38.677938,37.158846,33.897930,28.833572,24.258521
1764,65.749293,54.397494,54.702624,51.784805,43.974051,44.903362,35.921336,32.165875,27.777209,23.450804
1766,64.907143,60.505459,58.506255,47.211846,42.244221,38.287288,36.070402,31.867176,28.973426,21.643516
1768,62.295304,58.327471,51.533635,46.736122,47.541061,39.456270,34.885284,32.640550,31.901056,26.218270
1770,61.774239,60.630757,52.793255,58.342112,47.151966,38.528885,35.731722,29.623084,28.451774,24.704905
1772,63.229634,59.963128,54.524110,50.305566,50.839938,39.455035,40.292506,32.238428,30.403784,27.606599
1774,62.827567,66.771496,53.868453,46.254095,45.056152,43.958801,36.495440,32.087386,29.181929,23.442260
1776,60.947750,65.866849,55.560221,45.849007,47.598868,45.342864,37.476313,30.646247,29.296229,23.993097
1778,63.613681,56.031775,50.987170,53.510101,42.676283,38.734517,37.649315,32.386130,27.973277,23.780207
1780,58.972697,54.855986,56.149254,50.934763,44.009175,43.380432,34.394598,32.105906,28.473920,22.191637
1782,63.432396,62.563624,50.346999,49.911708,45.702593,40.614839,36.171383,32.651574,28.156325,21.352693
1784,61.451661,59.486757,57.844598,48.803635,44.561696,43.298534,35.880319,31.587344,27.296616,25.136491
1786,67.238824,59.937186,55.006274,46.827720,45.810458,44.724414,34.101381,36.189952,28.064540,25.255584
1788,66.854706,63.459187,49.978277,49.313173,49.820995,39.018525,37.537851,33.597153,26.554441,24.620628
1790,67.907282,57.377889,49.747732,47.030404,45.634926,42.851079,41.077184,32.379975,27.599881,24.028256
1792,62.640601,51.824435,51.874717,53.437476,44.879206,35.597881,36.179319,30.974650,29.564965,25.522583
1794,60.060358,60.066951,53.168065,50.806390,47.598643,43.855622,41.873892,33.724827,29.765598,21.593999
1796,67.727905,64.052028,51.549147,49.492048,44.091928,40.785380,33.071327,34.939975,29.784303,28.330262
1798,62.478246,55.699734,54.720640,47.785739,40.499739,41.468910,36.831621,32.365190,26.080553,25.331250
1800,65.304759,55.578870,49.273947,48.786482,45.816520,39.005104,34.786285,34.457483,27.953151,24.905428
1802,65.986348,56.656224,50.432881,49.991181,46.979461,44.147139,34.837935,33.562820,28.996759,25.470559
1804,57.617834,53.941485,52.933101,51.887248,43.764486,45.743757,32.097816,33.308564,29.612869,23.777919
1806,60.180608,59.093226,59.100804,52.839725,42.760904,39.411165,39.154279,34.993996,27.572570,20.757891
1808,66.635109,57.153732,56.526912,51.947854,44.793119,35.873819,33.576855,33.260629,29.129325,25.251490
1810,63.859066,57.893794,55.411369,50.770807,45.502686,37.045391,35.752642,35.080490,26.711672,24.270122
1812,63.144072,57.369393,56.118587,54.901992,43.781705,42.558769,37.180609,33.102357,28.530423,26.307689
1814,64.429120,59.611919,53.049204,49.030979,51.584891,44.305074,39.682973,31.798839,27.080629,23.142534
1816,57.327714,53.817299,55.515153,52.962926,44.784011,42.732499,35.116755,31.823041,28.393087,24.257902
1818,64.656179,57.852314,53.698239,48.494964,42.758852,42.003151,40.626437,31.424525,27.240450,21.802042
1820,60.557645,56.763627,58.268926,46.423671,48.300657,45.361097,37.072726,34.250639,26.595973,22.054005
1822,62.362715,55.703744,54.197443,50.428727,45.692169,39.483697,37.063136,35.225201,32.094531,24.330001
1824,59.603622,62.406929,52.786647,51.125095,43.595695,40.864468,33.529291,32.600428,28.356408,25.548605
1826,60.788385,63.805849,53.506829,52.619412,45.975001,41.452979,38.429281,35.670055,28.351215,20.071066
1828,62.549903,55.578571,54.626429,50.946228,43.495936,44.037928,36.512297,32.738476,34.005620,26.121799
1830,67.978616,58.774617,50.051148,50.251544,46.125761,38.917270,37.558504,34.520433,29.051751,25.515247
1832,64.912207,62.026330,54.774559,50.741111,47.679224,43.532678,38.844836,34.387883,27.551635,22.701008
1834,65.125441,60.047140,52.610385,48.281866,48.845612,37.235399,36.887658,33.938126,30.830013,26.614889
1836,62.266859,61.525198,54.923269,47.747707,48.842984,45.286065,35.539879,31.002469,28.259115,24.101670
1838,62.390580,58.923050,52.902426,49.283801,45.526276,39.487025,36.941504,28.635688,31.272355,22.585313
1840,62.321076,60.063807,56.224185,51.434468,39.294850,41.574134,37.233504,33.227278,29.459425,22.790542
1842,63.283318,60.582925,57.976409,52.671787,43.716158,41.257760,34.239593,31.993222,29.358004,26.628458
1844,66.141505,56.996229,51.504499,51.359109,47.321093,47.295661,35.258389,36.500604,28.616046,25.455350
1846,64.880734,60.019816,52.521612,48.579852,44.791705,43.356617,38.845405,31.528701,31.713513,26.174710
1848,67.351038,58.613985,56.033519,51.739946,44.548902,39.666181,39.597224,31.858977,29.653816,22.228648
1850,64.370514,56.791844,56.930645,49.931732,43.346737,43.505674,41.254889,35.376212,31.010629,26.940292
1852,63.561838,56.810765,52.484301,46.092721,43.747716,40.521448,37.211603,31.980761,27.438419,24.060526
1854,63.135073,60.245732,50.629470,48.649897,42.418964,42.545033,33.229920,34.421649,26.422920,24.268161
1856,63.818950,63.598793,57.957227,50.630537,46.219708,40.991983,36.608094,34.813548,27.132731,22.746019
1858,61.406159,57.401820,50.285291,49.786700,46.043533,41.479063,31.995813,32.831033,27.770938,23.281441
1860,62.404495,61.252991,56.112623,52.209200,42.096422,36.183220,32.585370,30.230777,32.389203,23.455844
1862,60.746666,59.168808,58.788206,49.455234,49.295482,43.277716,38.969584,34.957160,30.616774,24.293425
1864,59.998292,53.229027,50.320228,48.077322,46.648894,44.089808,37.829821,32.841797,27.981483,27.456606
1866,63.836234,53.266940,49.142683,46.996681,48.699269,41.726628,38.900520,36.048228,29.009537,23.816300
1868,65.447115,54.736495,54.387117,50.104684,43.787536,39.879068,39.201355,32.003544,30.637149,22.543231
1870,63.562744,57.962543,50.190650,50.006750,48.715823,41.996794,35.850031,33.125842,25.749298,23.563541
1872,58.231344,60.195823,57.318898,51.933869,43.195799,39.149238,38.266383,29.043671,30.450885,23.862907
1874,62.756126,58.513239,53.228964,49.313481,49.306536,43.100930,37.136118,33.931005,28.117949,20.107350
1876,64.066160,58.959029,60.047708,51.701608,44.460962,42.977269,36.704161,33.653095,30.727291,23.860933
1878,66.562221,60.000576,50.716237,52.577363,43.160508,41.550762,36.353174,33.869177,31.022130,24.337388
1880,63.726598,56.275566,55.061467,49.584778,47.143134,39.631636,38.248463,33.343220,24.640045,25.256561
1882,63.087988,60.056722,50.497175,50.833038,48.483445,42.072372,38.001774,37.994932,29.916894,22.231328
1884,63.354266,55.268682,51.551280,51.665501,44.484022,40.756990,34.514345,33.969935,31.028902,26.513192
1886,69.872344,58.799723,54.693024,50.290267,46.481415,43.884348,33.767734,33.539150,29.122751,21.026432
1888,61.094093,55.786119,55.262058,44.231215,46.269440,45.780340,36.375383,29.556971,24.856362,29.156089
1890,61.043040,54.968918,55.137251,49.232323,46.772177,39.699576,37.050092,32.273293,28.788105,24.446598
1892,63.603602,55.818535,49.917672,45.456142,43.579268,43.466321,35.211628,31.425976,25.729558,24.711497
1894,65.035562,56.284909,50.513727,48.526056,43.756105,41.539471,37.163048,31.207343,25.574721,23.561473
1896,61.346990,54.607199,54.300124,50.389011,42.750582,44.552676,37.774379,30.463502,30.407525,23.821699
1898,65.104608,53.510956,55.228653,49.079762,46.782807,42.794411,32.716063,32.689632,28.229225,24.210242
1900,63.541069,55.721250,56.915711,48.551609,48.617569,41.614200,32.805501,30.321910,29.223779,23.375126
1902,65.286641,60.873970,51.025493,53.321119,44.809551,37.741801,38.533171,36.558331,31.286826,24.164532
1904,61.873308,62.810396,54.318258,56.904231,43.255362,42.052968,37.132723,31.439210,27.274495,25.516151
1906,70.934210,60.911909,54.959127,51.397751,46.890867,39.910333,40.594784,33.410960,27.206768,24.397403
1908,66.429695,56.537023,50.987517,52.580494,45.803338,40.494090,33.960281,33.786575,30.992999,23.275696
1910,59.282683,59.403602,56.685502,42.065428,49.271775,43.683768,36.699687,35.918636,25.510936,24.386025
1912,59.307307,63.998129,53.168427,53.638585,45.810273,43.643647,38.933335,31.792381,28.982866,26.501559
1914,61.721380,56.151904,58.079664,49.411995,43.384892,45.172220,40.034860,31.053601,31.775072,26.086815
1916,62.223000,60.262539,55.754751,50.874636,46.663139,47.408848,35.892988,34.806859,30.514710,23.725268
1918,61.559256,56.798740,52.661628,57.031697,47.373787,36.594987,38.559320,32.197798,26.896139,24.359407
1920,64.380117,61.309882,53.725981,52.856392,50.582956,44.547028,36.235513,33.748444,33.452169,25.159301
1922,59.059208,61.405004,55.717863,50.915867,48.254678,43.462875,32.960326,33.086271,30.527620,22.336707
1924,63.785728,53.728370,51.892297,49.752256,46.597441,44.342459,39.978801,32.892242,29.934618,22.551554
1926,61.468704,57.813851,52.091995,51.415341,47.734318,41.388514,38.823370,29.493298,25.636098,26.703198
1928,60.559793,56.316774,50.774758,49.700606,38.989938,39.307639,38.442268,33.548170,32.642894,25.657586
1930,60.946035,62.819608,54.538976,51.291572,46.755473,42.875856,35.124263,33.235514,29.943829,23.692853
1932,61.098082,57.546861,55.388527,51.178460,41.401768,39.120116,32.784682,35.515804,28.164269,24.500046
1934,65.256882,57.002871,53.782235,51.697435,46.507102,40.998808,39.517592,31.382330,26.974180,25.380796
1936,60.860433,59.270093,56.511371,47.205217,44.373065,42.682962,36.747383,33.942682,27.051275,22.095339
1938,58.873637,58.842781,52.562928,50.673970,45.548964,37.534435,41.181759,33.982062,26.411822,25.429453
1940,62.712007,54.566860,54.544632,52.901097,48.386734,42.608821,36.306713,32.356422,25.240699,25.749254
1942,66.270101,58.865686,51.826699,51.322183,45.177208,38.705047,37.108230,32.344626,25.669795,21.440374
1944,66.452501,59.967150,54.591700,46.977405,45.813128,36.256716,36.087985,34.809338,31.588703,25.567196
1946,59.924110,56.887396,51.324964,51.786641,49.426366,42.497765,40.906215,35.312192,31.338988,27.138334
1948,60.557249,58.548250,57.064005,48.601830,45.436664,42.010052,38.684476,33.731178,29.416189,23.857286
1950,63.445339,60.613426,54.324506,48.997072,50.544426,38.061389,34.796876,31.619528,28.122683,23.946264
1952,65.723871,65.156556,51.672957,49.703126,47.129608,44.353075,40.641115,32.684574,26.241081,20.021499
1954,58.520548,58.268532,52.374605,51.758065,48.847434,44.935417,37.768010,29.466411,24.866940,23.373584
1956,63.137179,63.286027,54.386504,49.908587,46.103110,39.629003,37.332040,33.920730,28.271511,26.714548
1958,60.567802,57.869814,56.621648,49.630603,44.952714,40.658082,37.223212,37.128798,30.375908,25.794587
1960,64.074305,62.695206,54.131620,48.319431,45.538216,39.066777,37.636388,32.164173,29.065112,22.595950
1962,65.206218,62.044640,53.397494,48.190016,42.084284,42.536464,36.102118,32.720476,29.232813,24.038353
1964,59.870578,59.194893,54.851096,48.760792,45.434472,43.223129,40.665088,36.209965,31.552979,23.793019
1966,64.745005,56.727003,48.074209,52.322812,40.007301,43.126801,37.685225,34.186234,29.736335,25.453152
1968,61.980737,59.039982,56.861020,52.616824,43.919216,42.879452,36.684349,33.331469,31.548345,24.396081
1970,62.376494,59.236742,54.270392,53.943231,45.936443,44.024951,36.443182,34.671342,31.596860,23.976698
1972,61.937117,59.893401,56.966696,49.370296,49.812717,41.608885,38.374635,30.302817,31.891483,24.952735
1974,66.247197,58.140685,54.573177,56.487857,43.477274,44.473020,36.226396,34.435137,26.281031,23.183343
1976,61.038303,61.456450,50.954328,50.386862,44.454259,43.105306,37.679894,33.052061,28.126556,23.452157
1978,62.038710,57.676970,54.662151,48.218404,46.142524,44.072977,34.686325,35.181806,26.097565,28.716123
1980,66.082135,56.223960,52.605181,51.432422,48.912301,43.439500,36.483734,33.505226,28.295773,25.502754
1982,63.687241,58.611889,56.790481,52.710381,46.978971,38.002204,39.855860,33.503613,27.884680,22.342699
1984,62.269601,58.738415,55.233492,48.434450,46.606436,42.680433,36.523451,35.760637,28.976941,25.054091
1986,65.481802,65.293040,50.439665,50.981841,46.006327,37.363474,38.000160,29.758081,28.852113,25.647786
1988,67.781990,58.000407,52.934277,49.385155,45.149646,41.309933,35.562083,31.207689,30.359212,26.436115
1990,60.399180,56.819606,53.912877,48.046040,43.962492,39.310722,39.261235,33.459578,28.340783,25.625560
1992,67.085189,58.353304,56.577505,54.370868,46.543473,41.024264,39.195446,31.013214,29.524890,23.571307
1994,62.445245,55.698198,51.777183,53.075004,50.687602,44.002770,33.351123,35.432104,27.674023,22.928276
1996,66.964401,60.789515,53.641838,48.364245,47.146004,40.145887,39.254428,38.495123,28.994361,22.985462
1998,64.020081,57.531763,56.370653,46.690743,48.139608,38.758065,35.546376,33.278750,26.563138,26.370250
2000,63.306235,62.443065,53.824214,48.688403,51.116543,40.265063,41.561383,31.936554,26.988166,24.242555
2002,65.594234,58.949618,55.521680,51.457034,40.661902,45.351461,36.838063,32.612849,29.238132,22.455028
2004,64.839694,60.503452,57.332756,53.901638,49.028902,42.912636,36.839872,35.514366,27.058602,22.782263
2006,65.496361,53.835077,56.705987,48.749506,48.803330,43.145976,36.749863,33.497659,29.959170,26.363574
2008,63.946100,56.486525,51.873185,53.511192,45.506481,43.277258,39.353375,35.266381,27.414583,25.317452
2010,65.102624,57.159220,52.723936,51.790955,45.453542,43.284434,34.666018,33.308055,25.913469,25.687073
2012,62.173441,60.279633,57.543837,52.071670,49.088864,41.171801,41.339275,36.165855,27.168793,25.119356
2014,66.970974,57.810698,56.437913,50.181351,46.280953,39.619910,35.270551,31.071863,28.685625,25.010725
2016,65.884126,60.979845,55.627883,49.877374,48.966194,41.629948,35.155690,32.640315,30.340147,24.596744
2018,66.422487,62.214965,61.657388,54.935206,51.367610,42.500182,38.570457,31.997911,32.470750,19.896241
2020,58.122214,60.441226,52.437911,54.627373,46.844120,42.370857,34.697620,34.570991,27.682416,23.705727
2022,68.113651,62.528402,55.474888,55.737344,44.045222,43.534280,39.645787,35.292827,26.660986,23.514055
2024,65.356388,61.013478,58.598186,50.906307,44.570016,41.861852,41.031025,35.214420,25.332555,22.950694
2026,68.256553,55.356590,60.173538,47.650876,47.701605,43.584786,36.337115,35.843478,31.755575,23.758477
2028,64.057704,67.038679,55.949799,51.836458,47.791979,44.582875,39.129823,34.787038,29.798161,25.467914
2030,58.743312,61.069665,51.645107,49.419271,45.606896,41.531310,37.653789,37.737953,28.346979,24.978241
2032,67.273354,59.844251,52.911623,53.745023,43.899422,40.764138,35.834470,32.078588,31.228974,23.974784
2034,61.241963,60.814716,56.299601,48.460086,46.536331,42.712743,34.150165,36.738408,29.794458,26.435709
2036,66.551669,58.738127,55.678207,53.708462,48.992948,42.348007,39.259587,33.392340,29.923143,24.153358
2038,65.301429,60.299904,53.663220,51.698643,45.713326,38.847695,37.077995,33.456738,28.092487,25.479492
2040,64.891953,59.768020,59.129305,51.992923,48.515016,44.035863,33.722747,32.939333,28.080463,23.115043
2042,60.360651,57.235823,57.414302,50.441944,45.513765,41.420669,36.502911,34.942311,29.934791,25.372490
2044,67.714629,59.817355,56.906149,51.437100,47.770130,41.596240,39.405245,30.155860,31.491250,22.867083
2046,67.029179,62.130250,57.772530,55.324935,46.902663,41.404219,33.814400,36.090444,29.450039,22.572747
2048,64.372508,64.366498,54.965128,51.505705,48.236720,40.752426,37.312478,35.256305,28.363819,26.369587
2050,60.794207,59.486920,57.263545,56.018707,49.108945,40.130676,39.637381,28.649228,28.164317,26.638252
2052,64.244031,61.337830,52.981458,50.205756,49.886260,41.173127,40.054689,36.234942,31.543172,22.373412
2054,66.598663,59.111544,54.691123,50.250956,50.135116,42.573546,33.610134,37.025621,31.451046,22.500172
2056,60.182526,61.186911,55.473333,51.881163,48.042933,42.061164,37.667369,27.246950,30.125611,27.242466
2058,60.614551,59.681543,53.240043,53.006531,43.771029,40.357944,37.882656,30.183609,32.354211,23.442079
2060,63.960747,54.244608,53.326771,52.658401,43.053062,44.641563,36.184656,36.033754,28.059337,21.871988
2062,65.656572,59.946000,53.558074,51.802689,46.827171,44.590725,35.218146,33.986088,29.384813,22.699965
2064,71.332977,61.526227,59.093538,51.224149,43.749298,43.903912,41.320185,35.513543,26.542620,23.306162
2066,62.326740,61.116974,61.063397,49.781812,45.491741,38.949402,37.833285,35.603012,27.584880,23.323734
2068,67.224458,62.393130,56.647549,50.396643,42.408802,43.118270,38.143846,34.582207,30.515813,25.118838
2070,65.231703,56.773311,55.540833,53.505719,49.270902,42.173587,35.942556,36.556583,31.059701,26.335287
2072,64.548080,56.083789,57.593143,52.110312,50.744116,40.079423,38.995669,37.656156,27.380864,26.483508
2074,68.142085,61.016111,55.941890,53.766259,48.325098,40.728537,34.104833,33.251061,30.282795,25.147693
2076,64.954950,59.470855,51.003079,51.849639,43.133753,43.583199,39.942974,32.849875,25.153788,24.932433
2078,68.735250,68.802082,54.667135,49.366266,51.114642,44.300176,36.778586,33.905865,29.595193,23.331904
2080,63.962607,60.164180,53.521344,52.411778,48.470210,38.919238,36.112899,32.904010,30.769056,26.793820
2082,60.770422,58.230453,52.316871,47.932195,53.583389,41.949466,36.907501,31.810780,28.854232,24.784050
2084,63.556210,56.958699,58.364665,52.407572,45.522254,44.532943,38.789461,34.549109,31.250555,27.871841
2086,61.675489,57.527214,54.836076,48.645782,45.940166,43.763493,38.342787,32.974695,28.521548,26.120624
2088,66.119876,63.253532,53.107669,52.993328,46.960218,41.356160,33.605547,34.037742,28.353613,24.792826
2090,66.192073,60.046344,56.604995,49.037687,47.281256,45.308098,40.145017,35.091646,32.228652,23.056193
2092,65.171787,58.693830,62.620815,49.794181,45.331843,44.442244,34.322979,31.881367,27.597506,23.570114
2094,61.253467,61.393504,57.962627,46.400989,49.630943,44.823407,40.162085,35.076329,31.082938,25.736896
2096,68.786133,62.603187,52.471477,51.024645,48.026508,39.053972,41.035716,34.576987,29.222905,27.751996
2098,67.324961,62.227923,58.253170,49.237357,45.447320,48.182662,37.791618,30.884204,27.162045,24.166151
2100,64.524898,56.661020,54.799097,53.966716,47.512898,41.140956,36.591095,34.832937,31.896270,26.077861
2102,67.039745,56.949655,56.132039,50.806555,46.839920,40.956535,40.275369,35.432480,28.589058,25.145202
2104,63.584440,62.022556,58.201440,51.234621,47.617142,44.080505,33.099613,29.244358,28.709786,26.061515
2106,63.098950,60.291905,56.924628,53.497981,43.104291,41.139783,36.498537,32.822174,25.290610,23.866045
2108,64.997756,63.778166,55.226750,52.954806,48.307473,40.999781,40.734691,36.339876,25.330880,26.266502
2110,64.085196,62.254109,55.428582,51.339764,45.433248,37.554894,39.856271,34.847627,30.974319,23.699625
2112,64.782768,58.248511,54.152726,49.540881,47.942786,45.498307,34.134589,33.531384,30.549147,25.934714
2114,60.573414,59.521583,53.771177,49.378882,45.186105,39.734695,38.585818,33.663598,30.721398,23.617525
2116,66.097216,60.282556,56.176177,52.333712,46.384469,41.596190,39.121479,33.390625,27.839536,25.854239
2118,63.772840,59.604841,55.534578,50.548278,46.804601,37.784108,42.903464,34.041382,28.252047,28.748734
2120,65.411359,61.929666,54.909370,52.708460,49.433785,45.130213,40.022031,35.669928,30.901760,26.437157
2122,65.599026,64.959593,57.676126,51.516533,47.090985,43.454258,38.021216,39.406148,30.164084,27.783937
2124,70.025422,61.387954,53.270932,48.998374,46.309301,39.442661,38.485097,34.030235,28.027016,29.279732
2126,71.190239,59.746787,60.037442,49.714518,49.302903,45.254799,43.072130,37.035582,31.931298,24.209283
2128,65.382592,66.241277,59.718885,49.359948,45.751799,42.421605,39.896252,33.358807,30.477297,29.874466
2130,65.847941,56.820310,50.058109,49.863326,48.915872,42.099207,36.366751,35.992612,28.408517,24.936345
2132,63.287734,62.182857,62.446292,53.157855,50.647935,48.066669,38.843706,36.310079,27.142120,25.843699
2134,67.117796,56.040926,58.952319,55.283721,51.718524,41.474007,40.804227,35.098317,29.589802,27.847553
2136,70.528956,57.419625,57.345295,51.894562,43.728548,43.632181,36.767804,35.003583,31.162250,28.658576
2138,65.947413,68.277184,58.118068,53.645607,50.671588,42.886358,43.681547,35.280180,30.874400,25.140600
2140,67.043876,57.405480,59.209478,53.173382,49.853982,42.384962,39.042641,35.753353,27.310606,25.147252
2142,67.413168,60.099122,54.485859,55.562726,47.579755,44.248446,43.180086,33.607937,30.032216,27.703161
2144,73.429994,62.597740,54.718722,53.196710,49.254948,42.560343,38.999337,35.850396,29.823950,26.991127
2146,64.824486,61.262619,58.322243,48.809829,46.099969,41.042643,39.294728,31.689472,29.884321,27.795765
2148,64.770463,57.614963,56.732842,48.405586,46.576853,43.403215,35.871651,34.014630,31.757683,24.748295
2150,62.630795,62.930365,62.145099,52.942688,48.164042,44.757793,39.935982,35.788918,30.744895,24.801211
2152,66.903724,63.838583,55.685996,53.739044,45.920545,42.726298,36.022015,35.393086,29.654918,25.677676
2154,62.610602,60.130633,55.263324,53.349402,47.740999,45.748247,40.689559,29.111153,32.666433,27.706509
2156,63.668816,61.206203,58.720064,53.852104,49.181338,44.071795,41.457396,31.806397,29.822277,27.503263
2158,65.719690,61.871779,59.622606,55.643134,48.853700,44.713840,37.416987,34.265151,29.743345,22.409092
2160,61.165390,58.263927,55.094471,51.432890,50.426196,44.135421,37.734253,37.047294,27.705830,26.432774
2162,68.634041,58.670078,57.751224,51.352779,48.613836,44.564643,33.597776,34.270938,28.026535,28.275393
2164,67.454482,64.045109,57.845672,49.729035,48.533988,46.551466,40.210348,32.272310,29.181839,23.424010
2166,62.114625,59.941153,55.053114,46.800331,48.968408,47.592719,38.510071,37.389194,31.082120,25.972644
2168,70.578929,60.144698,59.094400,54.319770,47.796264,45.987031,43.978593,33.648534,29.907016,26.526606
2170,64.517029,61.129898,53.900579,52.182294,48.293513,45.098134,37.050935,30.308074,32.457584,22.643739
2172,65.773423,59.285193,56.098402,53.752909,46.095909,42.527060,40.103498,36.203587,29.701404,26.029301
2174,64.321939,59.500079,52.204729,52.756751,45.957163,45.300289,43.339669,32.091552,30.550734,26.282546
2176,63.518273,62.200396,58.097559,49.974056,48.719653,38.414255,36.405964,30.669039,28.264064,24.681255
2178,69.893890,64.593880,57.312507,52.300048,49.608437,43.994229,39.630263,36.754106,26.986017,24.410090
2180,63.190229,61.106563,54.731136,49.594300,47.416293,48.138404,39.689615,31.563709,33.406144,26.968189
2182,66.201903,62.798989,55.314611,51.737912,47.938755,40.444293,41.011237,31.994011,30.522567,28.338236
2184,75.362848,64.519139,60.228822,51.616414,49.094204,42.723405,35.971908,34.960428,32.247713,28.078173
2186,66.839767,60.133262,55.846221,55.285264,51.890849,42.943447,39.807419,36.930199,30.426265,24.773040
2188,67.929247,63.780895,58.048928,50.543529,50.528813,43.715121,39.583934,36.223871,28.761966,26.224562
2190,71.591296,59.463736,59.713001,55.353691,48.800406,41.310695,35.076151,36.709956,31.740652,22.652311
2192,73.789348,63.647097,61.710058,48.647184,48.942671,43.743727,37.817550,36.354085,34.733895,22.308874
2194,71.450112,62.462562,51.661943,52.983810,49.192506,43.802047,36.258104,33.979946,29.635958,26.675533
2196,65.139720,60.072032,60.308718,53.476784,46.569266,45.236944,38.846887,35.290262,30.567791,24.479387
2198,70.234862,65.342436,56.784143,51.474449,47.748309,45.950158,41.898577,37.096112,28.253926,24.668701
2200,69.263230,63.369479,61.190399,55.971370,48.976404,46.915493,41.320548,34.457854,32.607782,25.276236
2202,67.231700,65.880816,57.707101,53.978964,50.951559,41.763375,40.827126,34.666596,26.771421,24.252076
2204,69.383365,62.365996,59.404806,55.757570,49.376971,45.930775,37.743782,33.639477,31.373499,25.795138
2206,68.064037,63.069344,56.986149,52.362581,48.180486,42.201161,40.715442,33.100537,29.287960,24.651160
2208,67.039742,63.049913,59.136677,53.085562,41.924913,44.307729,39.428893,33.357126,31.737824,25.150597
2210,72.396088,62.816773,53.954499,52.813422,50.427058,45.373242,43.880762,37.432361,30.998359,24.551508
2212,70.117264,56.927709,58.996701,57.864669,47.045188,46.682324,42.289127,32.334135,31.899508,24.786295
2214,67.323304,70.054507,61.063235,52.670340,46.538893,41.771131,39.945935,33.062603,30.518376,27.990204
2216,62.672361,57.299578,60.845809,49.963752,46.993838,43.071323,37.876449,38.123266,33.731064,22.915697
2218,65.950924,62.806943,60.107196,53.967911,50.067009,41.800683,40.816454,35.644831,30.546601,29.280940
2220,66.246111,62.161548,57.090884,51.349823,49.820284,42.456942,41.272047,36.403898,29.283090,24.500318
2222,66.393565,60.085765,62.549078,53.041439,50.807405,44.451558,42.299716,33.854842,32.904407,26.734622
2224,69.981219,60.424417,58.162963,57.135501,46.618022,45.017201,39.320067,35.714017,29.938611,27.303834
2226,68.062045,62.577652,57.420648,49.488038,48.397139,45.256863,39.333984,31.328148,29.603412,27.265591
2228,63.631246,67.062242,60.190235,51.441829,50.741942,45.658788,37.184546,37.256392,31.426779,26.186738
2230,68.024339,61.414192,53.276893,58.922163,50.228870,47.275296,40.311733,34.446858,28.052184,26.440728
2232,65.147225,66.140320,58.710310,55.064864,47.463891,43.851197,40.691171,37.565731,29.510107,24.429498
2234,71.377702,61.555107,58.041776,53.397876,43.691752,46.972201,39.776886,33.982928,31.994319,25.432379
2236,63.536796,66.079222,58.952894,55.449127,48.693909,43.748843,42.406346,34.456386,32.465470,26.387935
2238,66.611485,59.211418,59.107893,59.760256,51.923169,44.088897,43.720666,37.440944,28.396388,24.657584
2240,63.996584,65.288127,61.388568,52.680629,50.612513,45.184247,44.608176,38.080811,34.684731,24.847686
2242,67.470128,67.550674,53.525481,56.369754,50.731073,44.414766,37.491970,37.256947,32.526073,27.734523
2244,63.876733,64.120804,57.905170,56.420573,46.841822,43.114174,40.041208,33.141193,31.606339,28.032869
2246,66.959009,63.308665,61.262860,56.518565,50.284497,39.891929,38.406172,37.441082,29.231310,28.072670
2248,70.251631,61.409826,53.326860,52.027295,50.812540,43.705962,36.770153,33.344955,31.384288,24.723252
2250,65.899028,65.781598,55.615458,52.711079,47.622907,45.135415,44.403410,36.041462,32.247380,26.108643
2252,69.052477,62.050282,60.899830,49.383882,49.815373,42.509400,41.753548,33.753642,29.479652,24.725511
2254,69.159191,61.332277,59.840508,52.487481,50.700711,46.275031,40.361123,36.165224,28.653410,25.887329
2256,67.566398,62.357771,57.226615,58.468523,50.965216,44.709592,42.894174,34.441781,34.111338,23.937000
2258,65.486989,59.327386,60.499420,53.421708,47.539941,42.098851,44.466587,33.335686,29.726881,26.069089
2260,64.692149,61.566792,60.377927,55.124421,47.236085,41.590227,40.587613,34.457260,30.927383,29.420060
2262,70.062985,62.400542,58.632631,54.476679,49.246919,44.487241,38.465396,39.374750,33.180892,26.430742
2264,70.324816,65.861392,60.554862,55.020128,49.616011,44.625144,36.423629,37.345357,31.905281,27.630894
2266,62.990703,64.874280,56.319252,58.312156,45.856885,45.467656,39.633413,36.998685,30.367755,25.028623
2268,66.958230,65.694231,54.749104,52.533826,51.876303,41.245134,36.095937,31.378409,30.373259,26.275875
2270,64.206364,61.256537,59.774496,54.986411,51.032899,45.342530,37.855530,34.347607,34.797260,26.228239
2272,64.797427,67.997779,59.732906,56.617363,47.066944,44.145172,39.311944,33.597943,29.406622,25.902680
2274,66.561152,66.116627,57.229448,58.772814,51.879940,41.815061,40.758476,38.095587,33.394776,27.239653
2276,66.368699,62.300653,58.329156,54.652256,54.439431,45.193639,41.364406,36.080831,32.321269,25.138443
2278,64.756537,61.930213,55.050714,58.070667,47.232035,48.086971,41.281531,36.420010,30.689216,23.397134
2280,67.358989,61.470308,57.652338,50.293180,53.804491,43.929859,40.912267,36.020718,29.284381,27.392082
2282,69.094056,65.344904,57.401778,49.349300,53.139490,45.197935,40.733647,37.861842,32.840421,24.621296
2284,65.717706,63.596697,64.524346,54.837662,48.438807,43.147588,42.826305,35.662624,30.819403,26.724747
2286,68.032889,62.261851,55.858964,53.240518,51.536605,47.737765,39.465099,32.146179,30.089309,25.011578
2288,71.777044,66.253096,60.025636,54.301504,52.356777,48.036959,42.669355,35.737592,28.992612,26.388758
2290,70.152498,66.113562,56.613610,56.456921,46.586103,42.155720,39.367215,37.626604,33.990178,26.799517
2292,65.962021,63.441138,65.791068,51.040677,52.589333,40.865834,41.136439,37.224458,34.136546,25.689141
2294,69.679243,60.705192,58.123082,57.423383,48.101671,44.285297,43.312607,40.153554,32.196175,27.032106
2296,64.029358,60.415411,59.540887,52.624725,51.356391,45.940178,43.487217,34.447375,30.680310,31.184411
2298,68.978387,64.722480,58.679437,53.473406,52.050439,43.272532,43.303082,34.922440,31.352581,26.958289
2300,70.793021,63.654859,58.584808,57.490966,52.825059,51.716801,36.731809,37.215661,30.624944,25.586877
2302,68.407951,65.683597,60.666002,52.520061,49.628607,49.440233,43.196931,38.598933,32.721266,25.827329
2304,67.512232,63.742392,56.887962,52.151155,54.775285,48.597992,38.986193,38.065802,30.942153,28.649598
2306,71.088556,63.143364,65.319684,57.815045,51.353703,50.034743,44.006209,34.016272,30.589163,25.720094
2308,73.523329,65.879874,56.837822,52.012999,53.324604,44.979626,39.010342,37.999813,35.250030,26.547677
2310,70.826069,61.778766,59.083339,53.173730,45.043200,43.059688,38.608523,34.468445,33.857519,26.421487
2312,65.813667,66.315544,59.419692,55.428570,45.933110,49.628850,44.746945,39.054183,33.150375,29.118926
2314,63.666556,60.803266,58.438937,56.217638,51.170940,48.153860,41.968686,36.389442,32.353795,31.529765
2316,71.415038,62.772799,56.112597,52.389715,45.689081,44.999492,44.954792,39.758559,32.828357,29.578182
2318,70.804774,70.736807,64.116883,59.567430,49.443977,47.018245,40.812897,36.893124,32.040212,31.405416
2320,66.453980,66.554185,65.959037,56.710271,51.280351,44.680636,40.386575,37.796432,30.342776,26.775128
2322,67.325612,62.613492,59.083858,58.251941,51.170038,43.870737,44.116783,34.659776,33.366838,28.531065
2324,70.701870,62.393422,59.235627,55.089362,51.255102,51.365485,41.976153,35.964280,34.194361,25.414710
2326,64.026170,59.056018,61.250797,52.403602,51.986814,46.899939,42.822751,35.138696,31.099700,27.959011
2328,68.162160,65.738348,60.379751,58.785442,46.819806,48.195267,42.309097,37.974915,33.973264,28.802256
2330,69.214721,61.053392,57.776247,53.311746,53.300452,46.618763,42.933236,39.008556,31.882050,27.788567
2332,65.829863,63.125095,57.717796,56.742174,48.629402,44.613874,39.733567,35.950747,32.797910,24.187909
2334,72.849785,62.299409,60.562317,61.407933,46.354142,48.664512,38.718917,36.575312,30.584873,25.258890
2336,67.922710,64.634172,58.451383,59.926084,51.741869,45.686000,47.401555,37.072546,25.799538,28.775448
2338,72.328383,64.232265,63.669623,50.285399,54.890970,47.733241,40.795299,40.563428,31.599345,28.250442
2340,71.434988,67.797663,61.002739,55.067709,52.163492,43.555664,40.138253,36.561617,30.064290,28.450579
2342,66.095923,60.320928,55.126176,56.090031,54.448641,47.755939,39.873948,34.092408,32.948123,27.142756
2344,69.583577,63.049888,59.276104,56.592776,48.945006,43.731459,41.177897,37.216299,32.815908,27.499480
2346,64.738965,70.142754,60.798271,57.132062,51.317048,45.795371,43.519917,35.956028,32.342947,28.578046
2348,69.928868,62.613119,62.105621,58.475154,46.831174,44.619643,43.139537,36.318225,33.293313,26.840770
2350,68.691673,67.337259,57.677175,56.350296,51.789761,47.562661,40.440763,40.692509,31.930693,28.642416
2352,68.917872,67.180163,59.215885,57.136521,54.012637,48.349831,40.764447,33.927573,37.209068,27.237462
2354,70.416173,64.507946,55.945126,54.556279,51.254379,48.299805,41.505380,40.229990,32.770565,25.226008
2356,72.915471,65.114332,64.220716,56.853485,52.625033,46.174743,40.117082,34.019439,31.022905,25.208249
2358,69.041358,65.651734,63.364243,53.641071,50.378625,49.525862,42.932500,37.225555,34.699807,27.239816
2360,72.556272,65.834007,57.633391,55.130559,53.882426,44.847854,41.620549,38.189064,33.383922,28.614401
2362,70.663587,61.617975,61.742484,58.051611,49.010546,46.907652,41.861564,38.031864,31.470801,30.250996
2364,68.557656,64.105912,58.127163,58.060211,53.187417,48.093837,41.335197,32.939103,29.430305,27.050626
2366,71.871931,66.524757,62.828077,56.305947,52.298690,45.598488,42.394719,36.641669,32.120646,26.027262
2368,76.145937,66.601717,62.803459,59.505339,51.270275,49.459240,41.833622,37.830784,33.199145,31.890532
2370,68.741206,67.872558,62.831669,56.943289,52.980142,45.534668,40.734960,32.911058,31.268855,30.045265
2372,71.543609,63.857024,62.194222,52.740393,54.853302,45.128531,41.249851,38.550334,32.355966,29.620811
2374,63.205061,64.345568,61.390061,60.520549,51.103399,45.399255,43.256850,34.733389,34.403725,25.609302
2376,70.261863,65.860211,57.839187,54.937745,50.430100,43.152167,39.491079,37.321535,32.202883,30.295743
2378,66.184383,66.849220,58.028854,53.797645,46.209674,49.602893,41.364199,37.172917,36.384295,31.334876
2380,78.594824,63.431570,61.283537,48.261160,52.448142,48.031929,44.922053,41.015438,30.728294,31.042456
2382,67.781106,67.034047,59.440866,57.803934,57.759528,44.430585,46.731164,40.462066,36.719983,24.806310
2384,73.040640,61.407529,63.581968,57.604322,51.595049,48.067836,45.340978,36.980250,36.531060,27.127826
2386,76.304380,68.098034,67.058465,54.712035,59.189300,47.769773,45.604526,41.808784,34.343463,27.219249
2388,72.845729,58.009468,55.868699,60.296278,51.589084,45.696276,42.704745,37.647292,32.482446,24.534923
2390,68.946639,65.384882,62.007444,54.416232,59.324473,45.134313,43.088456,37.254566,33.786168,30.193884
2392,68.304921,64.848855,64.644930,53.229194,54.856285,46.335873,48.656610,37.220952,32.098405,28.575595
2394,72.409648,62.305168,62.881344,56.865570,54.442014,50.479733,45.038057,40.156405,34.136147,29.203472
2396,70.350169,69.114269,60.674256,59.355103,54.429851,51.199747,41.336243,35.501232,33.157433,28.169622
2398,73.743207,74.250594,64.262643,62.302289,52.588692,46.255477,41.564377,37.017491,30.824379,30.335077
2400,72.542170,72.719704,58.001654,57.772236,57.567387,46.395577,45.238617,37.878394,40.014992,26.901647
2402,70.976634,69.429121,59.946102,51.228971,52.052549,50.745219,40.918363,37.589626,32.108523,28.289750
2404,73.113692,71.526992,62.291912,60.805768,53.989170,45.850203,42.717326,41.947007,38.426088,29.271602
2406,73.217951,67.316275,60.607521,54.643141,49.661143,46.579233,44.965766,39.794235,32.169616,27.411898
2408,70.660247,69.139121,60.502467,62.544497,53.544009,46.556167,44.283228,38.203582,35.042532,27.492223
2410,70.963216,68.104684,62.973951,53.639887,54.824886,47.921251,46.476433,37.823620,37.809453,28.962202
2412,74.646660,69.299242,60.503012,59.849849,51.609767,47.540010,43.985184,39.914078,33.096902,31.531042
2414,71.421658,66.389892,62.373450,59.129079,51.054037,46.374305,46.824667,38.822848,37.769310,30.236091
2416,76.848529,66.967192,63.606990,54.080357,54.203542,50.592001,42.795968,35.219235,33.503405,30.764878
2418,68.545958,61.728707,57.575679,57.913554,56.722297,51.335466,45.571929,39.801119,32.603451,29.504639
2420,66.875732,70.494633,63.470476,57.762814,51.364570,48.914766,43.337581,37.683952,36.478781,28.991849
2422,68.537214,70.646440,65.555907,55.397798,49.892689,49.347037,43.153894,38.773454,33.629906,29.213975
2424,72.627247,64.413850,60.215458,58.282236,51.356836,49.123951,45.687291,37.772363,33.539246,27.839924
2426,70.316240,63.775293,63.222901,57.759489,54.829951,49.822467,42.933012,40.316083,34.303426,28.578340
2428,74.213007,71.087888,59.896935,59.883292,54.415862,49.393898,43.907277,42.016205,33.985206,26.836210
2430,77.727376,71.783730,59.150496,58.600670,51.704129,48.960479,46.479209,41.089756,36.713524,29.776447
2432,74.099364,66.008542,64.991314,57.577417,53.985515,46.476783,44.439642,43.435064,31.659002,30.636359
2434,69.550580,67.168490,65.026848,58.339089,52.669127,55.203946,44.294960,42.419094,27.756290,28.095019
2436,72.545682,70.335834,61.989935,58.720166,57.332077,49.288855,44.543951,39.616327,35.619544,30.524427
2438,79.984766,64.559594,62.581057,56.388319,54.644616,47.204905,43.353451,38.281163,30.312554,25.354036
2440,67.535269,68.120189,62.222747,65.749838,50.701356,47.232653,42.514664,39.310282,36.503254,29.626533
2442,76.062558,70.809130,67.842052,60.387417,59.624646,47.719546,43.603397,40.129926,34.805607,29.858777
2444,74.363751,72.397456,64.765375,63.890561,51.234163,51.494965,43.563373,42.093576,36.089473,29.891808
2446,75.952467,68.771577,65.757828,62.389582,55.430929,49.215532,41.034696,37.793576,39.155535,28.082426
2448,77.116014,63.220402,61.102996,55.927661,52.433819,50.941630,41.978390,41.677912,40.622716,29.541907
2450,74.247257,70.875418,61.440421,64.692672,55.639247,51.264267,48.643836,40.785595,35.359131,28.674120
2452,68.013191,67.255500,61.732262,60.109606,56.225943,47.915058,50.211284,42.051168,30.942111,31.263986
2454,74.751990,69.398898,69.122549,61.028225,52.766338,46.195087,44.206269,40.503485,34.977337,32.081976
2456,76.082127,67.427586,61.482838,54.643053,54.050046,54.391417,42.225311,40.177885,33.954358,31.245472
2458,75.881089,72.820487,59.960143,64.474137,57.785282,49.022049,46.419969,40.066671,37.249967,29.739212
2460,71.412904,70.305105,65.999683,61.819972,52.230262,52.003000,49.029079,44.021303,37.505517,25.484747
2462,77.376365,67.949919,67.678039,61.704210,60.541561,53.462479,45.225727,42.379687,33.561784,29.702372
2464,73.403801,72.111720,64.415645,62.954539,58.899052,54.091743,46.360141,40.936038,34.113574,30.848250
2466,71.223792,71.253857,60.644696,58.447024,56.252491,47.329309,44.438339,42.525839,34.481748,27.898305
2468,79.718370,67.992854,69.029335,54.683363,54.541503,52.694326,47.057880,36.391443,38.043106,33.450148
2470,81.970793,69.397215,63.274866,62.516643,58.043404,49.377140,42.284766,40.743495,37.606890,30.323289
2472,72.441130,70.096155,64.802048,65.883837,56.359859,51.627895,45.318223,42.107045,35.045198,30.342586
2474,76.591200,66.663151,63.311355,61.230502,57.487705,50.543536,39.100605,43.094267,37.689150,32.250075
2476,76.214656,68.939862,66.166524,64.344550,55.173804,48.444357,46.692371,41.284486,39.279937,30.218557
2478,78.036418,74.714677,63.386223,64.425961,58.470722,50.768254,47.949874,44.390830,36.284932,36.545140
2480,80.013237,71.126119,66.915325,67.598272,56.126029,58.123547,46.873288,43.481241,37.464745,32.568240
2482,66.612363,69.373460,63.432946,60.002222,58.609656,49.134030,45.305155,40.765136,33.610176,32.851537
2484,79.598021,75.224032,69.934491,65.330981,55.941931,51.035014,46.158776,43.638087,40.125420,29.874512
2486,76.104196,71.703312,68.334641,61.007775,57.715756,50.702590,46.757559,41.801500,36.401157,31.209917
2488,79.262780,76.618643,64.501550,64.928902,57.258144,51.694090,45.732887,44.944619,38.895400,32.288153
2490,75.328189,74.285524,64.760300,61.301897,58.541689,49.494573,43.054397,43.131220,34.527965,33.676545
2492,79.755575,70.034480,69.210232,59.039156,62.770423,47.501810,43.246446,44.764315,35.562626,31.531869
2494,74.384372,72.997163,69.861056,65.013517,57.749282,55.164327,47.273538,42.045509,36.936225,28.376760
2496,80.722417,71.324952,65.809579,60.104473,59.249643,55.075312,50.536646,40.727304,38.336353,32.555905
2498,78.838269,78.092702,62.624841,60.494149,60.274979,52.125911,49.768995,44.532068,38.114440,29.772633
2500,79.693731,69.015377,67.291418,63.194629,54.133004,54.604517,50.038247,44.563657,35.917619,35.162776
2502,78.472098,77.507239,68.974884,65.861610,63.458458,56.640692,52.732426,43.247758,39.886236,30.987593
2504,81.803451,70.505604,72.198930,63.219919,57.356844,57.274537,47.675828,42.358269,38.001775,35.192664
2506,81.551974,78.597630,66.133951,64.535972,59.898578,53.402222,50.116027,40.558594,39.659354,31.998251
2508,74.787603,73.778279,64.584935,64.935669,59.622606,56.009608,44.227446,42.748920,38.807172,33.138812
2510,80.333720,74.273364,71.347754,69.450327,60.495824,56.671765,49.015503,46.371467,36.670261,33.705031
2512,77.270850,80.285160,65.152549,66.324424,60.608617,52.457098,52.455971,44.765518,36.339512,38.261007
2514,83.286520,76.911397,76.694860,61.175954,60.329266,55.522773,57.141480,47.201481,42.188900,30.493322
2516,81.822898,77.766053,72.881447,65.058324,63.447486,53.686167,49.405301,46.018307,38.589854,32.633786
2518,84.160243,80.369028,69.409702,62.276479,63.817317,54.455592,48.775664,44.924905,41.690472,32.543612
2520,82.223659,72.817894,69.138901,64.465748,58.865431,51.076008,53.188541,44.663274,40.558994,34.964423
2522,89.390100,79.104567,71.654166,63.594310,55.627223,55.425166,49.255329,45.445822,38.550822,36.558229
2524,75.838341,79.352938,71.933857,67.764514,61.982309,57.050790,46.655462,43.076237,40.931831,36.674583
2526,83.410745,80.685528,73.806521,70.047353,60.476993,57.943154,54.354131,42.923561,43.379039,38.445696
2528,85.635027,75.694562,74.545974,67.382951,60.379974,53.194285,50.171650,47.299147,42.684357,37.096342
2530,83.315609,83.651134,77.067032,72.646594,70.257891,57.817223,52.810539,46.653618,43.207823,33.394850
2532,91.823426,85.392906,74.337375,72.817595,62.485270,62.295688,54.370866,43.757038,40.209333,36.796157
2534,87.344815,83.907431,76.522556,68.174507,63.848671,59.416637,53.092551,48.937668,35.721240,31.841203
2536,92.454917,89.672001,77.078976,71.509230,61.836464,59.333184,51.416884,43.359422,44.341019,35.436237
2538,90.780367,85.127761,78.276982,63.258025,66.052877,56.600618,54.911166,46.764213,41.249984,36.067682
2540,86.333752,86.099650,75.852119,71.892976,70.249052,59.687253,58.211126,52.052772,37.650670,38.123607
2542,100.156763,86.572383,76.506504,71.119272,64.584799,59.328322,58.437945,49.269921,46.035111,32.498759
2544,92.773335,88.701110,76.434583,84.803377,65.348470,60.322695,57.136266,47.842237,46.388685,38.897498
2546,104.819977,89.693719,82.200822,75.892068,68.556835,56.178862,52.837693,45.025106,44.686746,38.463002
2548,94.325186,86.339387,83.620117,73.384325,65.681276,66.196060,56.460462,50.875532,47.685320,37.771553
2550,97.773686,88.900035,82.605543,81.874844,67.706402,61.249496,55.610162,48.157936,46.929973,38.071635
2552,96.349443,96.590448,85.373342,78.334844,67.651263,65.778847,59.710962,50.144392,44.608033,37.105504
2554,95.521011,93.972885,91.840874,80.927981,70.115979,73.798009,59.632680,52.527228,48.779428,36.805985
2556,98.650178,93.643190,90.937753,78.301384,75.076943,66.917691,60.325336,48.280529,47.895217,35.571753
2558,106.687429,107.906970,89.749009,82.677957,77.074789,63.903822,56.804967,50.216417,43.611963,38.283997
2560,110.135750,103.810623,94.996399,80.204722,77.838046,69.392375,56.093987,53.322726,49.198698,41.151724
2562,110.627263,107.137604,96.566155,83.881438,77.655214,72.971437,67.058192,53.149324,47.632306,41.039339
2564,112.525595,111.623861,93.467070,93.546992,79.649244,70.849619,57.595065,57.204839,53.727312,40.815549
2566,109.590013,113.880849,98.908332,85.776711,82.308300,71.529011,63.455520,55.959726,48.792720,40.015261
2568,110.444925,110.109625,98.367528,92.555526,83.920884,73.683721,66.581519,58.011009,47.111886,42.370274
2570,123.767377,116.215216,98.370206,100.191722,82.092248,78.682346,67.673815,59.061327,54.951927,38.379824
2572,123.120346,112.086619,109.270196,94.643936,86.289934,75.943532,71.243448,61.697806,49.310690,44.840130
2574,125.526541,126.014881,104.826980,102.246568,86.425448,79.769053,70.379837,63.574527,55.134426,46.348960
2576,124.106140,120.375729,113.835392,104.944951,92.533454,84.539995,70.451417,58.971120,56.982214,41.628740
2578,126.424756,127.198421,115.104063,109.031061,86.609143,79.671189,77.434716,62.761070,55.256189,46.738956
2580,137.148830,126.315211,115.711133,106.285810,97.785458,85.794330,76.929154,63.414051,57.748216,45.299019
2582,145.644331,130.483459,131.015282,116.049228,103.658840,94.063694,74.638823,71.894105,60.882241,44.637889
2584,146.160695,139.230710,126.157191,116.182517,101.801815,96.208368,82.155436,71.512951,65.228752,52.742552
2586,148.163500,147.538525,136.249769,117.486661,109.915668,97.125216,86.227731,68.308477,61.768928,53.071513
2588,148.624688,143.050866,139.514125,131.518499,114.892560,99.161518,89.252163,78.420352,62.233148,51.380683
2590,159.922487,149.373806,144.147739,125.259149,122.380122,104.772751,87.826641,73.951977,72.192302,51.591774
2592,161.843518,161.478349,142.115448,139.244084,119.432552,111.713145,98.463167,83.190479,70.751045,58.757461
2594,169.911847,162.782691,149.515179,145.224884,129.990073,113.884038,101.115334,88.726318,69.715358,60.964444
2596,162.202520,176.539808,155.811121,148.771295,132.760724,124.873718,107.342562,83.921072,81.098592,57.248704
2598,182.769620,172.869700,168.633816,153.194170,146.214652,121.231066,115.868316,97.767484,80.651646,60.954976
2600,191.922616,177.171486,168.256899,159.579030,143.303278,139.166013,117.579188,102.513045,87.224542,68.669320
2602,181.841943,177.781120,171.245380,164.704082,154.156856,132.537211,130.368438,102.604736,88.058622,70.572856
2604,184.503237,184.146349,173.719178,172.628681,158.590041,140.476051,124.580047,111.782071,92.682986,77.638121
2606,193.776765,201.314314,184.035252,180.473667,164.554106,153.709999,145.861979,121.265051,103.041565,81.523715
2608,207.278260,199.782635,193.600959,190.339972,167.072196,163.254483,144.610903,125.864556,106.935323,89.551967
2610,210.326503,215.452598,200.777989,192.968351,189.478134,169.833293,153.389714,131.824872,114.732632,85.132983
2612,214.830916,225.341435,217.470705,192.920352,187.420343,174.601310,165.874139,139.888312,128.108875,95.594788
2614,234.329944,214.743347,219.356011,209.859900,196.540765,194.234242,161.001553,141.630026,135.434027,110.329882
2616,229.831953,238.409289,222.872725,218.200801,211.454608,202.268374,172.108073,162.132818,133.161830,116.096196
2618,237.055440,234.051511,230.165939,244.577081,220.673125,202.852874,190.296863,168.017572,153.881652,122.183593
2620,253.404977,251.074411,245.428815,235.657786,231.875142,220.073111,201.941981,177.990128,162.677113,131.045319
2622,248.607088,257.827466,254.105771,250.921603,243.452600,234.218395,211.811531,190.625420,171.811592,148.685169
2624,261.711041,266.594124,262.398619,260.578787,247.390400,231.729763,229.053789,199.905112,182.306643,153.283292
2626,262.197074,272.817907,263.831676,273.935288,273.354770,247.253019,242.544093,222.402858,187.136932,162.205529
2628,280.752625,274.191303,278.797352,277.005775,272.643446,259.910542,244.919252,226.197040,203.984335,187.041102
2630,286.208958,294.212388,289.245619,286.127575,283.205922,267.323271,253.632221,252.498409,225.170832,189.635484
2632,288.153097,299.361883,300.456090,299.247276,296.382041,294.714789,277.933209,262.768908,235.054875,213.471250
2634,294.719950,308.867748,310.689023,299.144084,319.336702,307.575803,303.178962,276.974196,249.953098,230.777949
2636,304.751220,317.019320,307.955067,316.671116,312.110031,318.353739,303.653666,298.808734,267.319922,243.287987
2638,309.787933,318.362780,342.125804,337.449129,334.389674,338.629969,330.196786,311.800403,290.369458,268.584324
2640,320.109528,325.991371,338.653131,333.478618,349.136843,351.547602,334.148692,331.651527,302.065404,279.563931
2642,323.065088,338.657321,353.264796,359.660303,366.177000,360.676935,371.152081,356.401809,327.688816,304.177306
2644,341.964208,358.466703,370.262127,366.278816,363.413442,391.397157,366.674500,367.101400,346.979292,320.297515
2646,342.800211,361.766386,362.202931,379.988649,375.254438,388.520176,387.725780,385.517654,369.830760,340.452636
2648,352.657014,357.378993,385.921244,399.455985,402.306306,409.590207,403.329335,388.479638,402.359764,366.882503
2650,345.761278,368.431173,386.457589,393.605250,415.658557,416.100369,427.225039,433.626224,407.804612,400.710328
2652,352.083878,373.311614,398.754490,411.458254,424.129620,429.997938,431.687581,448.535523,429.804684,421.742045
2654,372.396721,387.163324,412.894585,411.458606,436.632972,447.237565,457.053360,459.122170,447.759466,446.862757
2656,372.941597,393.352198,403.784520,446.338144,441.339084,447.263577,468.505771,481.678996,472.101211,468.812311
2658,392.508280,407.443585,424.375609,440.681260,466.641875,473.582390,482.249692,484.712401,501.776824,492.262190
2660,392.777766,398.473497,434.293059,451.771742,470.466849,469.098456,493.679317,520.952789,526.537330,526.672216
2662,386.389543,421.072658,452.317707,443.208235,479.104980,492.565158,513.669690,535.728986,529.756966,538.806850
2664,407.224694,430.002756,457.636957,470.120561,480.575192,493.213481,523.001259,542.581739,552.373025,564.681750
2666,389.425008,418.939241,452.281227,478.240316,495.852121,518.980971,540.451665,566.232289,586.916804,599.638593
2668,396.613866,427.961988,450.987853,474.939895,508.684772,541.856778,551.924761,553.606915,588.584904,624.308080
2670,417.118503,441.476659,470.435965,497.426708,526.401652,555.226852,570.773253,598.071824,595.981207,623.231810
2672,420.836941,433.500545,470.486915,497.727469,527.051942,547.679480,572.249278,606.357221,632.803360,643.531912
2674,419.803787,437.433328,465.747767,502.137272,536.732010,567.470591,583.681020,614.518076,633.000803,650.242598
2676,415.944212,446.544119,472.852301,522.823960,527.106979,559.079976,593.358354,639.184647,648.916606,677.884322
2678,413.368954,450.402619,467.406439,504.795565,533.001433,566.113565,600.463876,627.676365,664.384729,689.473614
2680,414.985833,452.888091,477.665010,516.206296,538.383950,562.787168,601.214705,645.592477,653.620827,706.502031
2682,414.207964,451.590612,490.339306,511.786060,550.552071,591.273810,614.430969,646.148323,670.710847,690.159045
2684,410.150263,444.955588,487.411641,525.016849,544.766503,581.495957,621.651410,631.909631,680.729797,696.410199
2686,424.075884,444.793173,471.841700,510.238105,539.877687,584.048149,607.624841,641.294688,680.194432,687.704642
2688,404.131733,449.576392,476.201859,522.287023,535.851660,581.653155,605.000440,631.530489,692.677342,719.178057
2690,423.701225,440.965169,482.880188,520.447918,544.727122,576.290513,618.960310,644.908895,668.743335,695.124126
2692,417.205678,444.690677,491.156489,496.952156,531.343087,559.985908,599.672696,625.359466,653.820033,703.300498
2694,407.769010,441.820652,459.104126,503.172819,540.973883,570.716992,599.492458,641.029029,638.230550,674.265026
2696,415.810532,442.743583,466.364949,498.756336,539.873215,561.738445,582.366381,614.613211,653.879658,662.943588
2698,409.475666,437.568602,470.873569,493.082441,514.279014,550.664787,573.570214,611.896712,630.140165,640.910358
2700,405.403717,437.427608,467.287049,497.513335,507.541058,552.183775,576.473918,580.303307,605.721100,620.171884
2702,396.473910,437.634417,458.209094,492.232328,514.140376,546.861592,553.425382,558.821553,600.474438,605.794150
2704,407.178782,407.500728,442.258690,468.975788,501.296551,528.357810,543.245577,567.528167,585.901642,592.111445
2706,394.919539,430.683356,452.501541,457.704495,501.693970,512.393987,545.069625,558.757209,562.301425,556.649294
2708,403.447598,421.286986,430.925413,462.934501,478.626651,493.715299,508.452896,532.824658,525.103512,536.446890
2710,388.489871,405.551802,430.454268,449.225936,478.019757,482.752883,502.384381,512.217791,528.098858,530.279306
2712,373.972830,390.488839,431.545721,454.412118,453.743684,460.125979,482.600651,482.300977,503.886953,496.378908
2714,369.014515,386.513876,411.732396,434.909691,458.372868,461.577675,483.001966,485.147829,476.440042,466.617118
2716,369.128163,388.192356,416.578164,428.700032,435.643169,451.673532,450.939826,461.349367,451.660839,448.578857
2718,367.694875,388.582360,390.071808,414.158463,404.122609,428.173143,420.008834,442.802474,414.914077,412.936877
2720,344.928396,375.692270,388.258776,389.442764,425.169150,408.783872,427.229924,410.121352,402.766628,404.381198
2722,340.403821,369.755421,375.782146,391.753548,392.922914,410.946078,402.621005,402.420149,385.517559,371.113622
2724,335.215275,357.908453,366.725329,382.343172,382.174704,387.808460,388.539168,379.138120,359.867866,353.996968
2726,322.529145,342.073931,354.264297,366.421072,374.058038,364.924560,367.642326,363.556335,349.448985,333.640674
2728,335.922832,328.981746,353.756618,366.079981,359.463414,365.964255,354.170240,336.576901,334.149923,286.486085
2730,306.167032,325.020759,321.404314,351.003274,352.864377,350.292715,334.612773,330.462355,315.165613,284.391236
2732,317.572603,326.996357,333.875868,326.766753,337.760228,333.027807,318.800776,319.535214,288.592783,264.653433
2734,312.360233,306.690931,320.349308,325.660593,316.720038,316.816701,310.636066,304.539400,278.637969,252.245645
2736,306.615631,305.512884,315.000419,326.031790,322.206991,291.624184,299.021503,276.251766,254.111280,235.965286
2738,287.879253,302.027277,303.051054,299.058212,304.110851,286.660972,275.433902,259.036277,238.967655,217.677650
2740,267.736703,279.096033,290.669497,304.164692,284.759227,280.866051,266.942829,240.951417,236.018794,189.175253
2742,267.002466,280.198618,285.515913,285.780890,278.022336,274.823385,249.625498,233.296253,203.311440,179.798804
2744,274.592508,264.330469,267.394948,276.515174,267.073362,250.346440,252.626957,224.412379,197.420461,165.630853
2746,256.221152,258.637434,250.426893,258.286071,260.517954,250.325257,218.336186,210.069640,177.428019,158.353636
2748,253.888647,252.440353,258.165390,248.561924,242.581373,235.116908,202.768048,190.198431,161.029870,137.442772
2750,246.929282,235.325509,245.080501,234.406189,229.538316,220.445624,202.375938,172.626651,156.920914,137.833134
2752,235.650225,244.855778,237.138180,234.365290,217.043071,212.178021,178.872433,173.641947,144.917701,126.636193
2754,236.682987,233.248341,232.378305,225.844952,205.331367,193.882426,185.752394,152.734023,132.621375,115.396494
2756,225.844180,217.606395,211.828789,215.871593,203.148984,180.015023,168.455575,150.064869,129.275524,108.321381
2758,218.546415,229.906443,219.421617,210.905537,190.963432,184.270882,151.664081,143.095170,119.449955,104.624649
2760,216.760158,216.010434,196.447604,188.566147,189.101024,169.925017,157.955073,135.805415,113.348386,92.554795
2762,213.320661,204.544443,189.181326,182.073627,178.019360,167.663457,140.832506,125.078338,108.037716,85.876434
2764,201.363600,198.695773,192.752106,186.884506,166.568163,155.163470,138.108510,114.040257,93.731361,75.063970
2766,202.526918,191.767878,182.134735,173.546905,159.535163,151.156130,131.900526,116.083342,93.524593,73.126614
2768,194.016594,179.978509,178.318919,163.489420,153.961706,137.092186,129.784851,114.614788,88.805123,74.696339
2770,184.640703,184.383821,171.881835,161.162594,143.938040,130.976472,117.695531,104.803898,90.684927,67.956192
2772,180.330233,170.206969,166.829979,150.517608,146.438290,129.967520,112.825454,93.161723,80.571313,70.441415
2774,168.476661,164.949814,163.087327,154.217587,137.429063,125.347347,107.808736,90.723482,77.759094,63.040343
2776,166.231225,168.374090,153.827756,145.238752,133.074568,115.434048,99.346316,84.915173,71.435527,61.246189
2778,169.158210,158.286744,139.059966,138.345887,129.539027,112.460902,99.259162,77.388464,73.830536,57.245746
2780,158.750064,152.479778,137.285100,129.311780,118.888465,110.697540,90.509952,82.813234,64.922579,55.097163
2782,159.758491,145.844593,139.349542,131.265241,115.388935,105.810604,89.689379,77.662052,62.569673,52.589965
2784,143.515659,146.564930,137.364273,128.618295,112.456054,100.166929,85.249018,74.143482,63.615542,57.844095
2786,145.278628,134.466996,129.885731,117.204234,106.371591,99.579529,82.981677,75.282520,60.245182,49.866158
2788,142.073868,130.342486,126.882362,116.182018,100.235594,95.718412,83.453631,72.468550,57.859758,49.538868
2790,141.592603,132.834827,117.499700,113.342045,99.148694,90.692749,73.826602,66.015978,58.379039,51.424089
2792,133.469219,127.796875,122.542885,108.916131,99.335069,86.465465,74.822505,64.112309,57.890887,47.233980
2794,129.222341,125.622911,117.840469,103.486621,90.600338,77.778474,69.473160,64.905873,54.809290,47.157357
2796,126.130272,124.648338,119.103557,101.590652,84.150700,85.402940,73.886272,60.415683,51.592814,46.116957
2798,121.407033,118.099939,110.149234,106.702966,89.296955,74.225035,68.181981,60.198208,54.876843,41.809482
2800,128.759333,113.164850,104.632275,93.716357,84.984023,85.499755,68.350266,59.218069,53.318422,40.387044
2802,123.273735,109.952274,104.030077,94.594222,85.881889,74.713926,70.272788,54.917386,50.322442,44.956150
2804,115.427233,106.164975,101.759155,93.789229,82.918238,70.396182,65.974568,56.127626,51.668920,45.223990
2806,111.368456,108.582590,96.385917,87.173362,76.768290,69.791946,67.302003,55.602453,50.527889,44.443818
2808,112.907971,104.395739,102.348056,89.736504,87.031553,72.795752,62.815409,61.138844,58.003459,40.896165
2810,106.049094,97.149952,92.219735,89.109285,79.205200,70.750768,53.719442,56.164800,45.705565,44.153147
2812,104.177346,104.132355,94.173497,80.506551,76.952061,70.325528,63.175793,57.532146,49.449196,40.607037
2814,98.978526,99.756468,99.517616,80.372569,73.651698,69.189196,54.406004,54.442368,50.978393,36.830468
2816,101.569951,91.370070,94.630551,84.999045,73.258103,68.328324,61.238074,53.048965,47.206451,38.918826
2818,102.412527,92.238550,84.066592,84.097603,69.897879,68.396298,62.156470,53.953952,42.218749,39.583829
2820,100.160642,99.129530,79.139193,81.042442,71.085639,60.681744,63.007756,51.096203,43.640555,38.120226
2822,102.361963,94.966228,88.000078,77.669926,70.676618,71.030848,56.066837,52.397211,45.958141,42.946952
2824,96.904071,87.438405,81.684622,74.699061,63.140438,68.345351,63.294497,54.499092,49.847685,40.578460
2826,96.809105,88.006578,77.674170,78.987065,73.130099,64.797057,58.069625,55.291894,46.392064,36.178113
2828,101.509588,83.703347,87.472824,81.197567,67.483245,66.465549,58.027689,50.371493,42.173663,38.824532
2830,95.384463,91.494084,73.774491,77.335121,65.257323,60.449094,60.727469,53.521645,47.446653,34.783608
2832,94.467511,86.811362,77.892933,76.560185,65.733438,63.484935,57.075460,48.757289,37.484762,35.082865
2834,91.945608,88.371546,83.342531,74.176830,66.336067,64.118558,52.129922,51.985616,40.753978,37.414927
2836,94.889822,86.126097,80.542473,79.224562,72.362286,61.245319,54.360939,50.725650,43.488612,37.193315
2838,92.318150,83.973567,74.987260,74.605035,67.666332,61.237885,55.855325,48.835507,43.542477,37.524684
2840,89.772347,84.386942,74.375196,79.296722,66.477857,55.798688,57.247076,49.880558,47.474185,33.838361
2842,89.736047,81.839469,78.472526,71.109699,64.080104,64.175483,57.717666,44.613749,42.049166,38.452173
2844,89.375530,87.417555,73.867347,77.169335,61.424157,58.031285,56.401692,47.442639,46.275200,33.877138
2846,87.424572,81.935257,73.922720,72.397573,64.934637,61.667346,53.260004,49.374716,42.943218,33.395913
2848,90.122877,81.332604,72.594569,69.598341,70.162621,62.469186,54.202209,49.646738,39.173625,39.546298
2850,84.567057,87.578954,75.800905,74.766134,65.866454,59.216400,56.074548,46.375160,42.351550,36.583157
2852,86.654163,76.614998,76.146480,67.899702,71.348958,62.936836,50.545372,47.793104,39.422810,34.098491
2854,86.142932,77.579585,77.698090,65.871165,65.504502,63.018170,53.833874,48.647820,45.521941,35.459286
2856,82.083360,83.116048,72.463963,64.600243,66.068999,56.228920,54.122269,47.443554,39.996560,36.549502
2858,83.540827,82.027597,72.760209,71.263615,60.809642,57.842536,53.651293,44.214711,37.848713,38.914927
2860,79.454725,80.050547,69.189196,71.231534,64.313761,56.721055,48.634783,47.186085,41.734527,37.450103
2862,80.700993,73.614088,70.772996,65.578042,64.566710,56.834361,50.555362,46.342516,38.198963,33.604599
2864,86.356030,73.997996,75.270030,67.511995,64.486695,56.560354,52.777075,41.789830,41.433380,34.525093
2866,80.677849,80.568731,71.453393,61.408219,66.618531,57.946513,58.754978,44.247357,42.003977,32.481774
2868,79.667708,78.792183,70.108475,65.085910,61.265499,54.969447,52.032911,46.405719,39.981994,30.904594
2870,79.666759,77.571127,76.476341,69.793197,57.680905,58.119828,52.094801,47.804881,40.573934,34.553185
2872,78.362709,77.549533,72.511904,68.498372,57.793473,57.105756,49.990975,49.313278,39.576073,34.139589
2874,84.293774,78.441796,75.666371,70.790553,59.259691,57.071246,51.871930,44.062436,38.732170,33.737189
2876,81.873851,76.680016,73.546361,68.032414,63.085228,57.453722,49.388911,45.961014,40.727792,32.236571
2878,83.204230,76.549126,70.718093,68.716910,63.497296,60.036193,50.620735,48.098350,41.951991,37.509348
2880,80.989063,72.650688,69.611513,63.863091,62.141298,52.323218,46.451153,41.454926,40.353133,32.684161
2882,80.421934,75.681423,74.523106,65.840057,60.546550,54.409953,53.964750,44.350064,38.456739,32.918852
2884,83.856672,75.598530,72.325338,63.331441,59.322747,54.484502,50.311058,41.202738,38.518472,32.632637
2886,80.504044,77.111899,68.601010,61.292895,60.758406,53.560013,49.258915,45.487005,40.437166,34.518655
2888,85.885855,76.473657,66.938982,67.890802,57.249766,54.803274,47.061428,45.101596,37.929275,30.923802
2890,77.740174,76.227346,72.086541,66.434609,61.685643,54.249384,48.700220,44.462176,39.971878,29.483286
2892,80.771061,76.583951,69.329812,65.042152,60.616794,54.112845,46.982042,42.947049,37.380435,33.573960
2894,83.149089,75.530680,66.728632,59.548323,53.994771,53.203791,52.228585,43.053728,36.992225,32.673832
2896,83.250857,73.416707,72.770649,67.928808,59.972229,50.308257,51.206694,43.215986,37.124306,35.613482
2898,84.891894,82.723157,71.022227,65.071629,60.760849,54.134188,50.035769,41.544447,41.708049,32.330611
2900,79.375995,76.676367,70.015972,67.811557,60.884177,53.164000,45.648312,46.445778,37.251087,34.265031
2902,75.367071,77.877112,63.403464,66.223384,59.414720,54.294677,49.056035,42.806861,35.071437,34.654148
2904,78.572363,73.922182,72.344804,68.330365,57.539337,53.120531,48.984125,44.109452,41.388232,31.519145
2906,81.227380,70.500090,68.983003,60.403971,61.333758,58.112924,50.567269,41.382359,43.444820,32.573094
2908,79.985583,74.668854,70.147121,64.477480,59.033594,54.113525,45.781880,42.638097,35.803951,29.537667
2910,76.436761,73.610699,68.294108,63.261727,57.468360,54.981342,49.551899,40.717892,41.370958,31.897829
2912,81.433145,72.384630,65.383621,64.084078,59.733347,55.505835,44.316144,42.845001,37.077906,30.327166
2914,76.458650,73.864936,75.064947,63.863230,64.906127,56.772359,49.758195,42.718834,40.832223,31.967868
2916,78.823294,74.379664,68.615651,62.928655,58.772855,54.261848,54.385596,41.362440,40.385357,30.852361
2918,79.145949,75.533995,70.715255,65.954882,58.044522,53.193867,49.202064,42.854926,39.659978,33.647979
2920,78.856949,72.119897,71.040233,67.436640,58.552454,55.229152,44.329567,46.465481,34.200939,31.812838
2922,81.731512,75.965438,70.818176,64.505363,54.754440,53.503326,49.826039,40.252395,39.957108,32.866332
2924,77.518962,74.414258,69.557266,60.760914,61.253062,54.314768,50.327055,48.792288,35.491760,31.283411
2926,81.857796,76.365132,70.668408,58.118453,54.917383,51.787125,48.094596,41.552891,36.481783,31.734556
2928,81.392548,73.552120,69.380728,63.890265,55.586446,50.713131,48.518585,45.768491,36.683591,33.011888
2930,76.547158,76.207393,67.269216,63.553493,61.411458,53.201136,44.956125,42.510030,33.917696,25.115275
2932,81.331402,73.830649,66.419146,61.614012,57.279657,54.276598,50.645220,44.474400,32.977241,29.309601
2934,76.718101,74.769764,65.772272,60.961189,60.472265,52.423670,49.044046,40.249498,34.387731,27.262255
2936,73.216327,71.221777,70.951661,63.884124,61.719935,52.548061,47.457620,43.391747,39.479346,30.457655
2938,75.076026,77.438585,70.183275,68.807978,61.378179,54.543466,46.896002,43.717768,33.569925,31.507188
2940,76.169013,68.026273,67.746769,58.759885,55.515190,51.683456,44.642534,43.547373,37.737316,28.299033
2942,70.200575,74.138584,70.507345,66.163363,58.846669,55.525460,44.970423,40.871488,35.959218,32.301461
2944,84.332463,75.930603,68.511887,63.454907,64.555357,54.697186,50.200156,44.482188,35.128389,32.828364
2946,80.488836,75.452708,61.818314,64.345956,58.910369,52.244611,46.484477,43.861308,33.902819,32.399828
2948,74.220525,64.733584,68.972397,60.938100,59.817608,52.196992,47.771890,43.303244,34.396495,30.479333
2950,80.135477,77.145258,68.381482,59.657510,59.870261,51.776645,47.553053,40.910997,33.692366,31.565412
2952,80.349853,79.784011,65.582842,59.643490,56.262435,54.825711,48.768247,45.731097,36.052204,30.973085
2954,79.596129,71.308518,68.252754,63.792177,56.974569,51.862015,43.607391,40.015480,37.256570,33.630683
2956,82.612339,79.023788,69.164797,58.870873,56.253717,53.476343,47.827417,40.818031,39.584969,29.551419
2958,77.878520,72.225905,68.155858,66.071287,60.850792,52.172532,50.511901,47.106714,39.490847,28.275281
2960,81.396305,79.371570,67.798196,64.324895,59.785588,53.783731,47.522720,46.210524,35.569889,29.980794
2962,76.775564,72.105921,75.037697,63.398440,52.711920,53.443357,48.299814,45.390865,36.930317,28.966879
2964,80.380284,76.887863,68.563849,62.853314,57.345980,54.299129,49.474927,42.724159,34.704128,30.453101
2966,80.216085,72.973904,69.108525,62.127694,57.828061,50.514671,48.351740,37.387820,38.175474,31.395623
2968,75.929604,70.493355,68.569696,59.798245,60.020033,56.782326,46.440014,47.608941,36.605672,25.902171
2970,79.129932,75.387368,69.265082,64.813284,61.301935,54.092985,44.480273,41.753804,40.110964,29.533706
2972,80.582925,72.873632,68.592699,56.799254,58.907680,48.914056,46.654152,42.989078,35.973153,31.232476
2974,78.799195,76.131165,69.841523,62.055537,59.244347,52.172074,43.043036,43.272707,37.930484,29.078096
2976,77.801043,75.028886,63.776482,57.786436,52.946559,55.544371,45.203324,45.036619,37.551014,30.374756
2978,81.484444,78.458921,68.501548,55.938592,59.386462,52.437360,46.238038,45.376912,36.962123,29.962826
2980,74.744501,73.332905,64.968854,67.294742,60.369504,52.210274,47.770421,40.002151,34.652672,29.624802
2982,76.121737,74.757577,67.019998,64.450357,57.692992,52.879247,47.432399,39.348952,35.830747,30.927920
2984,78.122567,71.559696,70.030822,62.822107,59.640368,47.406134,46.332162,42.356329,37.026595,31.741139
2986,81.764085,71.560016,64.282875,64.955187,54.932239,50.446692,47.208344,40.706419,36.871135,31.897606
2988,75.911305,69.725110,66.628293,60.543493,55.901493,50.401000,42.950369,37.545955,34.459673,32.302358
2990,73.307302,74.392756,63.080378,64.465676,58.545931,49.432304,48.344020,39.060419,37.203512,29.967704
2992,76.803484,74.745795,72.669631,60.024045,54.322029,55.264328,49.761139,40.922916,39.886938,28.169943
2994,83.416345,75.787481,68.807729,59.702031,58.889723,50.584356,44.006978,41.890386,34.099919,29.857998
2996,74.120100,68.696578,63.554237,64.112569,59.852423,48.548926,48.824256,41.674895,36.130942,32.651868
2998,80.487493,78.251329,67.567720,62.036769,58.843747,49.179882,47.124698,39.870192,35.664330,29.200312
3000,77.470684,70.214193,64.722778,59.134262,63.724063,52.749614,43.107077,39.598231,35.144891,31.636193
